A,B,C,D,E,F,G,H,I,J,flawed
0.6014528979625786,0.517830002438221,0.6439752495632431,0.6403218664131864,5269.541680153447,3596.2404353708325,7.582300941084502,5.0368555575370975,6.254295781402703,5.3727272617925514,0
0.6589686705294362,0.3810514813544089,0.711290651498939,0.6228056754911665,2529.351652755211,3915.4846614749968,6.889634303345607,5.463185781135753,5.792572077780497,7.065781582076993,0
0.8291511872661566,0.48231055567692427,0.6958277188781518,0.50142505968231,3466.4828768688944,4938.9892524194465,5.357629498361728,8.479336404575367,5.790131265452894,3.7082984340442446,0
0.42716435798667,0.3024672166278069,0.7556389519051705,0.6230174256642267,4637.657657911008,5132.544163987799,4.607738410878769,6.512086447730129,4.863361716168143,8.437910558568634,0
0.45589151843538256,0.5110450863968651,0.8347409886022825,0.7465593671702415,2283.5878695420265,5652.261077306988,5.092637275970707,5.744862385510753,4.667992077517556,3.7011590044609806,0
0.5529138555276402,0.42702846712956327,0.42988329953198423,0.5495629312733317,4336.084030151974,4652.808575142392,7.011282103872288,5.687489622205385,4.014402602122597,2.7235096895741817,0
0.3081097630806461,0.5066395145541454,0.4763136209352279,0.5959344624522591,3620.7596095236204,2818.0838756089906,8.6991024152769,7.583229267681297,4.974314090903647,8.894945103592404,0
0.4594774920126604,0.34909877327783767,0.46288411514320493,0.5616430470892448,6807.013193165087,9168.672282955431,4.3754641576851165,6.412540540780567,4.232441351305478,3.83678743302951,0
0.159206780348791,0.3916358867123349,0.39797769242658304,0.5640518019512912,5823.900779378824,8714.175775394911,4.848196038812055,4.693603815091411,2.7274613526209075,3.154190308247139,0
0.2971553972319713,0.7735293905228737,0.32603509332998126,0.6414951955081495,3220.4975915477444,2092.94218690861,5.596785865235639,4.838468530106095,5.789630303967558,4.273125150890385,0
0.4908129916824555,0.59313900723255,0.6256626844783127,0.5028338054336888,882.4434446325085,6917.909120014732,4.189586965979344,7.256749547885109,5.067866910928947,9.25331345817706,0
0.8004283965448051,0.5917683908981325,0.47315873996146196,0.6388132868656238,6601.75600804074,5568.035694666742,6.964376478410508,6.398868012876386,2.624162396531873,4.495744230918543,0
0.656746235635785,0.5579314478759231,0.2769065971651927,0.5038902513200201,4792.96375335792,4093.299043746842,5.354731318548607,5.336273862524056,3.2922989920720074,7.279956193729196,0
0.5196431214774911,0.4426153683252395,0.343702905535373,0.5405895268636186,4849.28198154279,3901.5509787778874,6.8053299064344985,6.8828678718087595,2.1692036106690944,6.587063606760488,0
0.5029578756168842,0.42920140747890145,0.24311863549896473,0.7605144312325007,8637.365435442895,6542.091199474511,2.7979486679270895,4.6726195984970635,4.671352485539164,5.747487263707783,1
0.5620627276800431,0.44505125558203873,0.1353205441837872,0.4555338590685118,5626.142379869907,4960.9487847966,6.244274986223926,5.133775763014852,4.571802781239373,8.239151535198431,0
0.36440080740169417,,0.7268956546654948,0.6191658739940177,4405.664677588184,3894.5702239157604,4.965712738494724,6.407956627678557,0.7358491925930744,4.433418182569906,0
0.7393223758054743,,0.8504552962134198,0.7675681988375331,1712.4753042279422,3165.1358921997,7.143831354637426,4.773198961867204,0.7673630976832775,5.121821685714036,0
0.37162933064058423,,0.3005081517500438,0.6396723702508754,9287.270166817016,7261.777494262717,4.382770751354278,5.464026583907149,8.496413785597548,6.679345622711782,1
0.4565147074113259,0.29852451614191156,0.1343464712745493,0.22976402856161912,3741.051281527433,8847.216137948417,3.9030986938831655,3.3754147444947673,1.9591952203977674,3.2487387769818157,1
0.6418120620954642,0.3817154749486392,0.31262829070025844,0.5479086925061866,4092.227069296531,5405.378741384521,6.3774776149992665,6.168101119259065,1.9952418590004557,4.2089518700620525,0
0.6547125217142563,0.40612614542271497,0.6815792673415053,0.7591703307368792,6578.379938933171,6893.869641912203,7.95659472435764,4.027742000901983,3.1146212170356353,3.9632475976900077,0
0.8206687950428433,0.32108725860130616,0.5778627857634748,0.4627337564569731,1914.480903365642,3199.6967946892723,8.93122943707538,4.995436571570197,3.207520450994465,6.637737442730476,0
0.5856761528857536,0.23416335361604054,0.3969089576655884,0.6030584468635327,2589.043378079918,6376.279810127516,7.496834231229487,8.307506307173046,4.699437173487154,2.694583764450864,0
0.44444068192890684,0.4941124518075726,0.6497543581662977,0.5251643053529369,3544.064647154487,8598.278744303152,4.453380387698169,6.7432606148966485,4.645331241136826,7.293148851960305,0
0.5429791305620923,0.6193529072702866,0.39209292747151636,0.6495051546950468,2330.398504779735,4549.655681923774,5.658627609816353,6.1693836298611595,4.672200163402595,6.194656296637935,0
0.5118243611329742,0.4580457590261128,0.21446685962545736,0.47614053185470623,3960.5089248607856,2000.5850707030963,3.8623826567873576,4.015969335257504,5.508439684976608,5.845739694691762,0
0.5366860903374451,0.8431190057274196,0.7597008606036562,0.3646240371999445,7919.676981354965,3484.605872366411,3.9970468209193255,2.3954602423640767,6.173408057223126,6.763486677875412,1
0.46645078698078035,0.37651973324310223,0.27043212269311834,0.43118126929835177,8364.628564296047,6862.9924509802,4.487772928676359,4.482356238445424,4.909732716852566,7.037936341712031,1
0.7977845957433745,0.6680777389235043,0.35873815809400217,0.3772800297503331,5027.1857403360455,4754.948359350614,5.368274308506987,4.713058700969407,3.8721304129529397,5.017977005140828,0
0.4537335108112212,0.6964516194951074,0.22364681920534782,0.3647860583006208,5242.938685072695,4369.175220002294,7.164386882549227,5.06745289930204,3.644631022801723,4.487447086323634,0
0.7952432266408774,0.2991425685935513,0.7631197434598147,0.7432550642580511,6426.34214943653,4898.556466036951,8.124419150875426,5.231313411536613,2.4931929891973392,6.935319168807865,0
0.26885766660676663,0.34274522814342134,0.4708561829094814,0.737107330228373,8400.592561959818,7158.80273471183,6.833485064735855,7.176739402295016,2.8864599866935645,5.604988787729091,1
0.6561313431937078,0.3213821489739092,0.41839715955107565,0.37265089971065,4057.542665563453,7030.295231609651,6.932428543660273,6.222957579726613,3.014688434025763,6.542418414041247,0
0.35459181235707005,0.39795237610615497,0.2963256427918368,0.7523826693535901,3172.235712468081,3186.1495953041767,4.914483968531661,4.2918592627305845,6.313434187244018,5.041543939394131,0
0.5696100116394114,0.020278151135801115,0.8108814066924104,0.647185307710175,2733.0795903209055,7955.737922031853,4.2290686575505845,6.611304066082503,5.013255674932716,2.897864760036429,0
0.6017141610263109,0.4990084396321238,0.42620954843936326,0.19144262863469927,5810.737717839046,4114.648379839734,3.338907816114423,4.311727983529549,5.555199825062169,3.4489992226955772,1
0.4260181250275984,0.2658828590982959,0.1936621708252907,0.6629671779251674,4899.461901808789,3468.9095433186967,4.774298711917594,5.533089124602888,1.2692724883643738,7.145301005282579,0
0.30388676970414424,0.6249919726707028,0.44928880016534595,0.5145871070815791,5918.6862111470555,6228.912388716959,5.971726784816691,5.4334635370008115,3.9614464691708893,2.794836677816033,0
0.610199415828689,0.6598474322443125,0.18513933278497935,0.4057136248808043,5670.305827891,7117.807895452695,5.403263732516122,5.58039084105981,6.870905772880919,8.22422843859857,1
0.47376413261958294,0.3715133107481681,0.5147650892198117,0.6179400268842548,5281.770014680374,7579.49705657375,6.515314469373835,4.581509415606412,5.172618954945981,1.8078092011189049,0
0.37695645343136414,0.4498667815909616,0.19560205222528337,0.46154799207413544,4918.464362011316,762.1473456978738,5.145268531927592,4.5036232367872975,3.057217215308647,6.1347870846045005,0
0.5450488707980733,0.4326106306888768,0.26392443451900305,0.24658834881429495,5671.886923507227,3293.279748588089,6.177248359470914,4.824634894135095,3.1022086852608846,6.3853720298103225,0
0.8704201800075965,0.5745630370468995,0.4354224994290285,0.526084069477104,5411.169260700453,6458.426339669877,7.2014814653110975,7.722604613347963,3.5835208503296836,5.803693469369616,0
0.5395046524945093,0.37900923489231464,0.8854332756014862,0.8197536840394786,5521.517709698077,5294.824272494236,4.643238661020203,6.270390774920002,7.076854771154778,2.7843745515637996,0
0.5894611456860053,0.42708791700856885,0.4834173962056666,0.7941182029110845,5378.859298920205,3088.2592677553084,5.083456066054387,5.395138219704069,3.278091142927902,5.349711634351062,0
0.728400667335534,0.45142161396244046,0.5098687308557074,0.5702664650642251,6652.049175526348,7764.98983074311,5.742589216184912,5.987635854788176,4.399569760373192,5.599349273054812,0
0.6200218098871076,0.15056188311941904,0.03080871204602137,0.27527076985529353,4652.842661029314,3348.793974886021,3.6682775046612734,2.416300079273618,2.7007867975094055,4.974132349490138,0
0.6299037599271474,0.5717575652013808,0.3436061813812698,0.6682378242928555,5596.678243841243,4992.73214291188,7.608831924444574,5.3717359976760415,0.8331695364634379,4.002651025192233,1
0.5294957429270413,0.5260796402827367,0.34793934725228964,0.724765685807397,5781.333792784068,7126.063120599852,7.037360716465386,6.02299557909055,5.513238054634745,5.920088706370105,1
0.36102956592740043,0.409125402957234,0.4994837539180667,0.3234793241916173,3800.0989488533105,5063.472985948655,4.641023868584205,7.582804979006501,5.800209259278189,7.052828392846301,0
0.5778847738415529,0.2644173284696505,0.12969414710597288,0.5789193972867099,5360.942765299738,4004.5650147828446,5.14103659815433,7.027744655989906,6.155199210359781,4.831130419972765,0
0.18042292026678208,0.36044784313464884,0.4948135563478696,0.4086350353643717,5436.098663438094,6280.262144278927,2.637052666484977,7.627202095463636,8.44384649780274,3.318944609538577,0
0.6157932519396849,0.37609218553166884,0.7956258282097978,0.7685128014122528,4988.044360075575,5054.964967487372,6.418914027559635,5.472167727501559,7.146714100763869,6.558507774338222,0
0.44956834533828105,0.23124837312984534,0.486781773665102,0.5694476892068847,8155.919395744591,5752.25012570352,7.22792753405456,7.2749193027464685,5.236847250886432,3.7241641730126833,1
0.4542343838826074,0.5620070151773108,0.3117071818052163,0.41167642370549806,2888.355172706045,2195.9567261869406,6.444220548147296,7.22116637745959,3.2347008181104315,5.9009862035318355,0
0.7398382195819606,0.5410691199748043,0.4645630235531397,0.46490446063311264,4730.760692771322,6006.523235879624,7.085541179013735,5.880167399588091,5.429506475379702,6.104002883444219,0
0.51713804887032,0.36603494745318044,0.4523875529162866,0.6258989115934298,3920.209431147037,1541.5072328889496,4.599567536550121,4.410556503360009,3.664767386816157,6.30945319888448,0
0.7142550483322193,0.6484562482620281,0.4133448679819328,0.6966066795185684,5753.749720799032,4228.625757042626,4.948919376211024,5.571315830254785,5.978180336154997,8.446999201051419,0
0.6024841755643485,0.5483401585088987,0.6539655721720614,0.6206685266488345,4668.860036251686,5984.99763885815,5.827321552770709,5.792627388958079,3.5199990568984316,6.435858435513087,0
0.7650244383833195,0.4801476837325186,0.2644295003238557,0.08516235297950642,5489.888277961093,4561.716010991862,6.679110479603945,4.157398417293753,2.3569409246562065,5.024943369843584,1
0.34634579593032067,0.42799182812353187,0.19294009992318123,0.5867254099888491,3586.3149765036756,2551.1098256077616,5.036628681431921,5.860045656073611,3.086992457382682,6.492337325702224,0
0.5657930325105646,0.285492976888458,0.5502956734643287,0.5054649386650819,4707.783979344907,4703.261476301322,6.667613022417651,6.059132368747218,4.776363677480706,4.2135692293250315,0
0.5674189517310451,0.15432397953651789,0.572520827416805,0.5502081283793169,6664.291741772977,3462.7899277688152,8.304506015878479,4.695467156927562,3.3438783613053564,3.7614583370421144,0
0.5543140879860577,0.41361891844703075,0.4094779037579712,0.3518502716678065,6769.4041167312425,7159.272568326207,7.1178805622697165,5.8576699313664395,5.433456434444699,6.686746186776774,1
1.0,0.47662390024612045,0.8060970852588933,0.7000556657436665,5979.150012997303,4216.112425351521,9.840536887491098,4.75847584240666,5.173216840267347,8.561132442608203,0
0.5117934467807952,0.27685036796133133,0.7020245012489243,0.6493589120306238,5212.262672096365,5162.781484883022,5.418771518975319,6.079033109508382,4.534634206780105,7.456659580473109,0
0.48837216012728046,0.2788363169815271,0.12181372487914871,0.4368167133963831,3526.8963613900514,3855.4832652230425,4.073648304619809,3.7143794956708316,4.916558239599672,5.51864178076149,0
0.9243424723720999,0.13049918465561317,0.47840253545011496,0.7235212667986805,3246.4542070965517,5643.25452673295,4.527074444375542,7.783188541408347,3.9469500994188005,6.45420307460911,0
0.6536736281564157,0.44393093965375463,0.34311462146093996,0.23582576737327393,6865.817732677879,4869.75268303675,6.920422895013202,5.270543239934118,4.335075190731202,3.082713966821718,1
0.3638919649019884,0.5416440678212676,0.36159653583809254,0.21137910614213623,5282.921358893729,4519.4095209796915,0.988915825947076,5.071861199572487,4.022662569845018,6.787495370777678,1
0.6757977927690656,0.5706649300306756,0.7482388198329648,0.2701072779267023,8342.633093617402,2104.3955206753353,4.081101603035301,3.494054160163142,1.966672936236752,6.28163689056864,1
0.5155479559299454,0.47465242181081746,0.41642105004981883,0.48475626007130057,3521.852686662106,1481.5654768070535,5.877653563823955,5.787341609167063,2.636010215393563,6.833361782285614,0
0.42846903551086785,0.3143895461520041,0.2250698904068642,0.6120805501604821,5364.514444155659,4602.1488212158,6.282412208554582,7.5032942117148735,6.323070423321363,6.202826552612085,0
0.6050185831914024,0.3141855186971968,0.44127242098557806,0.11204300138807977,6274.456550854597,3723.561939608706,1.985373731713775,4.977868553425155,4.789986932897692,5.299656777878008,1
0.35808442678326596,0.5202658811453971,0.4720351779658824,0.444331522209148,4653.725113853932,7459.150127523217,4.294098120920595,7.275283599795678,3.6755098176879044,4.719334064580135,0
0.6860265433620593,0.35151871488104486,0.6301042212931145,0.2297074814236205,6734.139145225973,3587.9160709513144,4.118178214625337,2.9756227789658825,3.45901469603685,5.574894565226765,1
0.5262263830459761,0.3778264797333921,0.21549404235974826,0.5880306187169033,6593.760043180223,8833.793699824428,4.228854159852868,3.8787030706348595,1.6333155477165722,5.698048992839045,1
0.6556943626057501,0.527902572025136,0.7120637330716313,0.6016252428633181,1003.4908517469139,10000.0,3.586052288612085,7.409067282277721,5.382103845864556,5.543081047089724,0
0.6159045940458333,0.49913048174350166,0.8667737997151728,0.15971235799976727,9923.18023518308,1777.7991521589224,3.4471096119882194,4.703126539256306,4.033764866560595,3.6254100000302962,1
0.4437280798063643,0.5050705960887302,0.3182032596794464,0.6566480354040113,7971.367813214223,6247.107848510816,4.914326015409148,6.817709971290825,3.868170276744414,5.923569901399208,1
0.3340255280046906,0.2702774289170741,0.30180693035043693,0.8576076120341534,2928.327241611879,4950.357773907891,5.809736095813509,7.895434940742849,3.596612251691765,6.475832430179041,0
0.30382844532602854,0.16809669912318212,0.6590733714810098,0.5452898582676615,909.9084957275081,6498.22845105932,1.655186650306545,7.999748070174752,2.943782177417895,5.353588143851894,0
0.4231644612870894,0.4891289677593633,0.41585931848496477,0.6085688033951093,4283.482907666207,3781.968752706499,7.199288367648544,7.529781069006333,3.564041609464387,4.935086041631981,0
0.4542399323531663,0.4223895293422751,0.14683176525999958,0.598344238457403,4036.5827317932517,3162.0762465015914,4.8143961852405015,5.543182167075707,3.41823412739174,5.508306872965302,0
0.7326072878146535,0.45349785595935327,0.8903909560447034,0.620254396885522,2573.2756007115745,4826.921017757863,4.091331389499492,7.496220905246384,2.531975310710459,6.706643686236076,0
0.33160896557152647,0.358471300692359,0.1943169578300853,0.4325611031384606,5826.3275643552615,1529.5237090715655,5.222823269945369,2.880252842650822,4.587747251761822,7.02335591144278,0
0.36597526618483084,0.700601102294151,0.4690997568735291,0.5576762839228291,4511.5965491448005,8485.965291330587,5.446825412886186,5.3597539864222625,4.374351875117154,2.402592257498332,0
0.5347751192860892,0.5094206114351093,0.06702139037273697,0.11233868203962016,5933.383183448239,5639.526593283031,6.045358129628072,3.9186264269644067,4.710853987818922,5.316864202196558,1
0.24417493606204288,0.34945699961083154,0.0,0.5316096028947156,6196.533777670238,2320.5208803997766,5.649645869342406,7.134566804403713,6.3801960399581805,5.392641188757623,0
0.45220526661417715,0.44993053079313394,0.2925494582495052,0.635970703409342,3566.689277235148,2606.712660593217,4.554932674437109,6.104379017337213,10.0,6.822160054537696,0
0.6661131125876562,0.6700123496933209,0.6486220025425286,0.45464732383383716,2096.250190583352,4298.18408805585,4.952613668399576,7.776725708032508,2.8494087900427383,5.898532688725667,0
0.5002644066691047,0.49717160183607634,0.4892143974110542,0.7251984534318678,2113.386705376009,3279.7259636060217,6.258682906854999,6.256825009424384,3.7607011300679116,7.511384655596425,0
0.4714587616354541,0.42088089526315364,0.5813948886636247,0.579387135239831,4416.135872251902,6946.798980416344,5.973001175863665,5.697251625442995,3.4921736488795387,7.215914898612403,0
0.393907968713218,0.5274005516342596,0.5438168108098378,0.3763540804691594,4051.3177232368917,7044.018339261852,3.8591901065071097,7.654674515063958,2.799426805405256,6.636706943180755,0
0.5339898161791953,0.4587997291693139,0.3221335965688875,0.8203070045895355,4743.1878076023695,6038.590198487383,6.082806338308434,7.463133059188829,4.370861253730122,8.350900605378172,0
0.32909476608223925,0.3543120779522867,0.16190342744930902,0.37068826719985437,6286.629420957112,1633.0683791089423,5.727504872619794,3.502940115260728,4.074648614388269,5.731416523274229,0
0.3404840988147465,0.2987376894702526,0.5292464882275417,0.5483912702148779,7122.800130500859,6462.76728023918,5.393877870168313,5.481828700772134,5.639810832445416,4.78998050764243,0
0.6542358007058522,0.5204949360209323,0.6440765213882345,0.5041703542530738,4728.15839045121,3831.3302277146727,7.031441085400621,6.5326505450848575,5.653513532068212,6.079009055908221,0
0.44827740163782237,0.6054872580764552,0.5735757846749788,0.5605101430672681,4053.7488175529797,7123.684974684477,4.158045372628032,6.282650571353257,5.255864958318645,1.7894504564981895,0
0.5407187821454329,0.20332752027179965,0.22635721210663132,0.6922852837108491,7777.343589696546,4871.717637234498,4.447027937174323,6.819958678503097,1.2521292963573556,4.999587115493796,1
0.591082605005714,0.3234730519698204,0.5628792922095911,0.5482530589311198,2785.461562199926,7280.04959042315,3.532349220054172,7.318358903079801,2.929465979769005,4.381777516389937,0
0.7255826652746614,0.4430050985123039,0.6958744754228567,0.6116774775154543,6081.4950861050465,3477.2303575722926,7.993019555572692,5.231588595010832,5.841572012102271,3.8538706841921506,0
0.6248832076710958,0.2667977890064747,0.3270635527000304,0.42529327915211995,4903.536970403839,3796.1528328526074,6.135647623665998,6.482205216188767,4.385890577330668,4.901474115228243,0
0.698851331880958,0.4408547783241248,0.4319425200781454,0.5605086086875828,5483.0367877580475,5462.445586962821,7.480283928626459,6.622125345617558,9.319934540079604,7.202050221074651,0
0.7555892930002799,0.3795814385347257,0.4650838542346907,0.5231874791487405,5080.555551065576,4638.991227280632,7.416966184902382,6.879397191600555,4.3831031898902335,8.621422648467654,0
0.6687061744526431,0.21035907862899866,0.44959654530697596,0.4092177434034572,5850.815134377094,7516.982783852196,5.499451659090281,7.359986134789766,5.266010899639592,4.549412036869423,0
0.7155626450141926,0.2830119843857133,0.4223072824251809,0.7623388476382307,3640.695446094253,3868.704717927253,4.08137877086325,6.602672174393888,7.260002575533363,4.708635784897078,0
0.6077851408856161,0.6755750003100365,0.8006245525893253,0.14723475620071136,8962.829182561594,4165.540933065092,5.66567205400836,3.697963910629423,1.9289729666415445,1.8836553964682299,1
0.5433868647871152,0.5100946623942827,0.6187106550909042,0.5466733567662153,4928.898152395308,5078.306677730472,5.559690574643301,6.012827552140305,5.031613262805228,5.285786542538557,0
0.5893790986989524,0.5378682107236405,0.17060947925473435,0.3513613805538832,6445.801095067723,3520.032424166133,6.2483706750752805,7.050717560735422,4.56521899013443,6.908339240827956,0
0.4240450492150457,0.8122359840919228,0.6912474619152972,0.47806825422777266,1722.9809590283594,6125.9939482875725,2.8405209896225703,8.073158858315388,4.5189678331388645,2.125718690893991,0
0.2795641023952108,0.3923230284302104,0.3909066143578802,0.6981584103156575,2518.592695633412,1733.3401418066805,4.873207139027516,5.111846889807369,1.8314623008475244,4.636180424887066,0
0.2960545957037465,0.3980417896930116,0.19507183403961859,0.4517224926039632,4586.57338367801,4898.687859441198,8.83992935527046,7.784852730976565,4.402164100744924,3.689786188139471,0
0.4561710428800796,0.5432736185676288,0.35992724278146804,0.3235146223257487,5109.831815027789,4557.023468919265,9.291799076318457,8.229459807847425,6.3907373388784805,7.476698786118003,0
0.556830498384888,0.5132481821562436,0.5253323297308424,0.24570321653526817,6681.065160318886,3111.467158450634,2.463787225924878,4.288900433908213,4.828304267666595,3.35731068444926,1
0.5963926254765033,0.5200976459314264,0.586681875788253,0.13573859860146026,7099.037819123724,5160.78830458263,5.141666197550767,3.8097677531306,1.8571749331010676,9.601745622684813,1
0.3669004091696299,0.31309005998251893,0.15029485028099898,0.5830649865173467,4759.087087359772,3483.511673934007,5.954415407095655,5.31338666775335,6.93824596360184,6.3796880250654535,0
0.8913197850476374,0.596255227535446,0.404170039147443,0.8429562468744207,3872.9679226827757,3535.7863617693465,1.3056804399787878,3.6959478265367687,4.650204561976791,4.766459504116583,0
0.5951517203976484,0.4820471109208508,0.6988778780149727,0.6513961119737005,5072.993782634049,6527.126764769543,6.017787105763734,5.749975610650005,5.439294634317676,8.898815422251552,0
0.636911407435285,0.36321468069544016,0.6833202758818889,0.5144680104264457,2864.5316557709057,5136.287906488409,5.6190516472638015,6.903557432715667,4.185325237072884,5.031093536778455,0
0.8253888187227805,0.5571622497433669,0.5651769865681299,0.46195810244379887,2170.2505365311326,5013.129391795099,8.088814410830533,5.840254495775678,4.028873579307352,2.8938182957613976,0
0.5839022290698537,0.6056671383448906,0.5681556019550896,0.5517540987267517,5875.194935109674,6055.606397001945,6.85082951718233,5.5996373424570605,3.473563892632267,4.223615953485105,0
0.5260203130202028,0.12557189049425516,0.5257561701173696,0.1886777617588888,7063.107491880652,4222.770855843165,3.7178403935454964,4.495986924720278,2.132396138805339,7.460378108450909,1
0.5704536280790827,0.5793148273606565,0.5117597741292594,0.5162977498266873,5302.728679667156,6330.543324773313,6.094611959559365,5.8868946702900455,4.442562982206657,7.166530716379361,0
0.3145911762707203,0.2568385870780252,0.4578945315088696,0.5124569588727546,5983.032650689135,8555.565385958855,4.692354676833106,5.802573564564566,7.095902104346765,4.623718159065872,0
0.4485953269502705,0.40809900075206457,0.2811454260404481,0.527584085925086,4213.477723831009,2539.059738813076,5.187617323417069,5.404820169312334,4.693120312319152,4.368758895286119,0
0.6414454844096501,0.6379109868982451,0.6644909744057612,0.7094667371254236,7035.139019803023,5809.836680747131,7.103029215737548,4.567197598719851,2.834481863245592,3.104375466808334,0
0.5288050675201164,0.33133905905092675,0.08468979928421339,0.3059812342467511,5645.350744539968,4255.175723886008,6.3465589892333885,4.570165235942853,4.772244095607468,3.698505279351962,0
0.36631816241947057,0.2746727894574925,0.3879520398761789,0.7387288240087215,3829.641429079119,1984.0091953060428,4.26999905953975,4.208656496505604,5.299682321184008,0.6546494591418357,0
0.435194978326678,0.37887640389926874,0.1119293881097973,0.4560927659816627,6057.615927059768,3398.067774120579,5.197961535920948,5.577246542143481,2.055442743354022,3.307364585291343,0
0.5976593808114772,0.3393261598955344,0.8124506735445365,0.724070976369145,5189.613198246717,3754.1119927894515,5.740319937119727,5.416450411168215,4.552270186849136,5.234980932141318,0
0.5225904889472348,0.37337049828293883,0.2603838828942299,0.4105262253925136,4414.172010736865,4300.5636522942195,6.074331680379447,5.8283157871468845,3.353341898210566,10.0,0
0.6005351432262724,0.27927570326009377,0.5864542854136886,0.5542805868740505,5051.826296998477,5722.32872081343,5.102736504582817,6.421239027705598,4.532591237645057,5.556031644887884,0
0.36399144203577444,0.21225623448837508,0.18573255052352333,0.34670482780996625,4186.8808475024625,2761.0480197769657,6.6871181389331555,4.811533225098489,4.470641609249324,6.75891164468299,0
0.6006824219103166,0.4918521843705747,0.41218705871395767,0.4333391869042381,2201.0743080303046,5612.299044025797,7.617243238130971,5.5403820940518775,6.449045133708175,5.619028038448,0
0.5888154212029468,0.48193633186331636,0.39076720817097343,0.3989939420468472,7200.605975559432,8000.493312315665,5.860540981887857,5.176604110991137,1.9249921438760271,3.9339011166285984,1
0.5753725590521943,0.4219563818479284,0.34530727304683867,0.5493240034866033,3143.1126748628612,4665.59432180565,5.936637253555535,7.385041246761592,6.5703474718413295,4.061855932520755,0
0.5031022895464412,0.2562073706407577,0.47366579188678454,0.3387751077840587,334.5886635838324,6588.979182013621,4.096674156502957,7.518166949013109,4.201194334976325,3.900694720764048,0
0.6523904829446325,0.570295970334189,0.6723307163723538,0.6010499607655715,3287.0030515259514,3368.949613293125,7.829186355731391,4.934420164443899,4.567745523178045,3.6413405642179013,0
0.3919805123836743,0.1880269265904926,0.4582993142003785,0.33803415268068404,1295.1909052006458,5472.8566456256885,5.974204604530049,6.3517192672323946,3.0796478567213965,6.031140606356528,0
0.4391073942316226,0.428407021203728,0.7022941916426071,0.5711134621450378,3042.8037418138288,4842.4353514129825,4.580008579350536,6.474748531145167,1.5543364330904241,5.766356934549249,0
0.6590184081529733,0.5251657331340801,0.7548718700199463,0.6624203617348445,6160.981601440558,4524.4215662781535,8.003757331643664,4.767436230261821,8.716123440771295,6.704396239498436,0
0.504962735805901,0.4247471264318028,0.3006639298822501,0.49135473660709655,4681.973623155569,2311.71298504184,5.854866552328248,5.958170729567022,4.540075883016445,6.682017192461277,0
0.5627997018829669,0.5670211318499452,0.5279203761293684,0.6445049547414372,4340.079049076951,3159.911765596252,6.695606354498796,5.400720034676345,4.854508239681491,6.484618468512563,0
0.44772065961113405,0.15157892189558514,0.34513851406559426,0.6200951436643611,5968.793199177269,5064.289418589453,8.464249774396901,7.9282825507877455,4.095341785737204,5.508955476651692,0
0.5262981753957817,0.16003948681528052,0.6401860779824895,0.46231934276245373,5855.6094003190865,4561.778505059371,3.6190583811617345,0.9270444931388089,4.866214043985738,2.4651184793486856,1
0.6452318483696038,0.47381172400376037,0.5772924142338209,0.36215852697463713,5630.271057389915,4859.664722262394,9.963123210951686,7.222342989891061,4.117394384909998,4.736781619283967,1
0.49900284849981846,0.646057888845115,0.5681050306699758,0.14894893807010323,7351.895557010667,5253.933902515592,4.774409910473221,4.318292144594761,4.254523701813,6.715622205106267,1
0.4917568193173498,0.45131943319643936,0.6848030735342695,0.2401926413387108,7409.977543660714,3257.585984784323,2.7033810002800145,3.9852313122649323,1.81523344211403,1.1029284986461443,1
0.39095141736149086,0.37412893509955236,0.6682519975993053,0.6151806881355568,5133.904779460349,5314.803047780693,5.083915803322656,5.86592516386931,1.9671081437507003,3.7415555316866236,0
0.5485791610481957,0.572544147705416,0.45333764756469425,0.42646515638356597,4602.690961766359,2782.3306434301644,7.1395233383579795,6.03904876442634,4.667831438572491,5.224585980970807,0
0.3583695576290375,0.5383588904293403,0.3867921239048985,0.48981245272281526,4683.374178466646,4835.711164185671,9.668546791103282,8.247106171552057,2.2039780359824683,4.576004635102458,0
0.5920888330845131,0.4473728591197962,0.6100524817828759,0.5321414216576025,5020.846673652268,6702.15353905795,6.597316007001397,5.683303863109022,1.7556481767983678,5.68202510015286,0
0.7334829457727795,0.40589252006217597,0.24840057854466827,0.24535010423156275,3244.7903044505183,3421.3168070244947,4.067473822433853,4.913948734070005,5.614729370094752,4.32060213990133,0
0.5623045675800524,0.6356403930392782,0.8037802341006198,0.6464672702093759,5804.813411387651,4512.283965644783,5.2765597379096025,6.682857955559141,4.395906331604883,9.160318082760233,0
0.6382822706378348,0.6538952515265115,0.6562111256163955,0.5368687104564627,3031.5853518158447,3230.9609794830294,7.316591529804503,6.151622335972705,5.374152205343023,4.721648811864604,0
0.6521930957575308,0.21737425058865717,0.3459066829087349,0.7723182744568394,4914.21294234354,4407.487720591167,4.611039499539328,7.890780290679627,1.8815564402388056,7.071943934968707,0
0.43748018113114173,0.29063260855557893,0.49375842653213625,0.557928122347769,4101.7434469768505,5124.166714156308,7.4855857379544055,3.7459219586012633,2.312833668067625,6.839214561677094,0
0.5357152794154847,0.43879097146343626,0.4343957026649868,0.5124137189707129,4080.935122277837,7098.044545094743,6.640088746146473,5.365195588752645,0.9952156161297316,6.494716448830328,0
0.3814005665148664,0.40497556718350924,0.5266984817665944,0.2697651549504765,1178.290139135287,6459.105769377,2.165822102427381,9.991514095840287,0.0,5.300734632566768,0
0.9060054147710666,0.4359032704342148,0.28305621071091835,0.1254576835293768,6397.714442139998,3569.7162072270366,6.23351897322842,4.480081057348186,2.877320798609742,5.107078031710247,0
0.545448542320157,0.6425285289839548,0.620046180735484,0.4279941579777795,4399.208153044613,5977.60006262049,5.058097927930821,7.457194010114355,4.031643727380475,7.807481127287888,0
0.5072496891291467,0.27174992725345004,0.3250172221868126,0.4668696593294776,5285.311081512734,3570.664919635282,7.867063035437537,7.515389196319722,6.093334840671927,4.171802190493016,0
0.7104487313180157,0.37073763596594,0.7454380771910579,0.5850673719959741,3056.491855320962,6260.1311846600365,4.0302080319062314,7.605712202836811,5.483425477909953,8.16677713440291,0
0.5804269802153073,0.6061180058381609,0.6383446302109372,0.6038947761222334,3953.8512055773476,6184.296788606772,6.01259496263463,5.674713035715478,5.847049046088676,5.781330328541902,0
0.7692759376014479,0.15210656304166353,0.20109709293697942,0.43710275582293745,4487.330502445371,3575.367059626268,3.6270051614802195,3.417444007345294,7.114453331940012,3.4647762328077683,0
0.6243705377079193,0.32430609884242473,0.19852422537160558,0.5222563130587625,6089.2759943064275,4569.3113444655255,5.190540686368162,5.765863097061269,4.52112269122027,3.6906265906698597,1
0.6117730689360065,0.6138388332586883,0.45308320877166414,0.45857086773765526,4925.288999979815,6454.145702176851,6.807838482691038,6.444668561066378,6.097636028989289,7.070913467214081,0
0.8511211179516811,0.285002728501435,0.23147215232001833,0.3545558326791025,5873.3363276732225,5937.369325980943,6.3946483091986215,6.596156917656187,4.17831700194838,4.183020139906496,0
0.6361214770183439,0.42236577896673405,0.23911159692183645,0.5313929924309054,5924.382086927187,6175.783108310034,7.897720659326895,6.566105604665869,6.768756833762574,5.026002632539487,0
0.6436790299286961,0.4212662281241055,0.44338836886121363,0.7226532318535817,4154.6485657676585,5434.898803571542,6.580548741200256,7.913023850008351,0.9679676779280064,3.7757170200687433,0
0.41862633831656515,0.3056386197947013,0.2642943371236497,0.40955734621517326,4306.477411731044,4539.087381227011,8.491269174473619,7.906002613709786,4.523761038569362,5.109030548449644,0
0.34813624086597605,0.5387738862662754,0.42057697350206735,0.3716989379616296,3312.3432096238244,6359.291108553806,3.828050565919678,7.673039752190396,3.4695546384071654,4.266077764884539,0
0.5150156230945262,0.4337248684244854,0.2920344512274099,0.6167087472982499,4169.072334655328,5212.629438505234,5.791882950124888,7.00129611136512,2.8358421534346983,4.836821585054749,0
0.519318664275705,0.405487662843077,0.33926090086158756,0.33798609955416037,3636.5655475265276,3793.860420469936,7.380284971793149,7.267200452055553,3.596545402844491,3.612652266554983,0
0.3060341037719167,0.6144003988304577,0.7508838037693608,0.5451034000367769,4937.478314271157,4221.5847238695615,4.771198707430939,6.706398741456065,2.3077238791815415,6.6784143201542605,0
0.6331844755306156,0.143340346127114,0.6740182861936208,0.4147308426448464,7096.444748009172,2661.8334485387413,3.7236315141001053,2.563359542325333,4.245870939915163,4.488179423878126,1
0.6108566149614156,0.33650513995712583,0.7226695898537899,0.682117119896567,4876.409614484828,4613.052486990162,6.686140532490712,5.195417564671586,6.627426092342373,7.338007066066078,0
0.4608994702659218,0.5068178840009133,0.6993287681795914,0.4513945043109959,6656.6310145744355,4596.532827507471,3.8671874696496245,1.4624763983344615,6.67741753984118,5.351045140673679,1
0.6111715091346235,0.6656724334523084,0.20962099944855223,0.3319503212032474,3045.7105774122956,3735.500384717566,4.758381320288076,4.41882895410333,2.773638560344742,4.94088194327622,1
0.45513904089694,0.5535432732808352,0.3550678950297764,0.8387457549656476,8295.261514595633,7616.9759315372885,3.821538851696271,7.3357780962224,3.594927660563889,4.57584610709909,1
0.5160051282581894,0.45299930694555546,0.4042558667740885,0.6889142402910019,4953.056194257344,5101.539292340055,6.607786721139732,6.988266871521766,3.2175594742484743,6.650598056630066,0
0.5379946662220579,0.4486008859655202,0.7028567044460118,0.5725342896857459,5302.954991591186,4659.999986588262,6.410516492981735,5.863153038653319,3.6007762976929043,4.337229101657159,0
0.6547636599731056,0.6071859045259546,0.3464467841644775,0.3610438349155427,4963.393105354618,2985.258483710143,6.0718764404012235,5.185601222922536,3.9824725557345304,3.6211875612969058,0
0.5639667709911621,0.21756077568898274,0.5245330228911578,0.5882252194038373,5140.396138804411,3079.4307100495344,6.615994363469435,6.382279548387881,1.812552761754851,2.9583968089880375,0
0.4442014341529714,0.3671270818531252,0.32483700416769967,0.5293588005594188,3841.938992766803,3359.703578580943,5.932929940083328,4.9764744014562545,5.575178487219484,6.813596107054556,0
0.3047532022401304,0.5004441311763814,0.39614816986694956,0.42037944383295767,5668.386243393775,8281.91302360638,5.016734470538425,5.958382153964158,3.986244736915192,1.7183788639668531,0
0.9727380138010044,0.33840951628504956,0.5419764889646376,0.6691170786276532,4415.643493635713,4446.314066617246,4.827262934969583,4.764670028297409,4.16247305628527,5.68154921455724,0
0.5157439648130655,0.5200151249205199,0.626051450434944,0.540089395636749,5345.854887107685,3295.765054457409,5.644803332590203,7.034334863889871,5.224340120674324,6.128583273393525,0
0.6127897537012416,0.4710351354650363,0.7789525092299574,0.7990673246108829,6858.319500440786,5419.3707294787955,7.320051746116258,4.354486636771072,3.284901739519049,4.527396741718201,0
0.6731970971175716,0.6984504015455522,0.3588768539673448,0.7987015904304129,4410.937341282739,5119.682220953067,5.146293888802265,6.054506795183393,1.0233976280096488,4.980704366644153,0
0.6134642190945093,0.7187954923719134,0.313278101788631,0.8165697053357861,5012.522381260779,3705.673660105861,4.110419309191991,6.5130816780026635,5.236214438233049,5.873499315213743,0
0.39359909080191413,0.16285049481404296,0.1627230947167514,0.6121991150773345,5711.610573733872,2998.239773419408,4.50366477587961,4.739773127195567,4.7815892818299695,4.4252643951665345,0
0.606100397677129,0.3921067407855358,0.791847463309509,0.6705390392369099,1984.9924963213643,4346.297391849768,5.422505764915044,6.698559220628717,4.723129900987525,5.828133304827388,0
0.6729893199905348,0.602525232425286,0.543780360716217,0.5848110263669537,4029.1413935339383,6404.176404595837,6.5309052358223365,5.5517521919997765,3.4906527430388508,9.374418522532768,0
0.5528010187620231,0.35318809843229154,0.5517726853339683,0.4348302967496118,5833.005644186956,3870.865562101176,3.2650392038563956,2.691784418971323,4.167867197510125,2.156142816789781,1
0.4915526829353347,0.29035334518049244,0.5530085363097721,0.4726897169608194,7530.396304799978,4436.453346540014,8.321257370409892,6.067483842156425,5.378206034964689,4.684970164187202,1
0.6146309172751223,0.5310318248109325,0.8623561651098279,0.4086113071989502,8154.717785568077,3682.881985803211,5.049641981022048,1.5037867612793132,3.313329813295071,5.184482719857052,1
0.4397481564629284,0.5694050025959002,0.267588680033662,0.8108950119524561,5002.3962699948925,2863.4465219778713,3.468331374680485,3.888910771116694,4.128923567647335,4.526984961094333,1
0.394560950028202,0.7618144647359073,0.28639402298204975,0.6805440512190526,3332.9179682977338,3514.1686820968516,5.348403567556571,6.192619000793072,9.01771199442663,4.993192999173594,0
0.6246486048047984,0.2727207569012108,0.766537998451683,0.6406146569820127,1981.7048800208886,3109.5749854229716,6.064150806807847,5.578256943202935,2.6891007720163316,2.8270546741934006,0
0.4621269151445556,0.37958133679173595,0.26617194382958864,0.6433262099890907,3010.530237715433,3873.6822759325746,5.479394871062176,7.885913895986357,3.8817725711374664,6.525932543315626,0
0.2453537077158056,0.33669585200068686,0.6881999092706383,0.4835727258967264,591.7313122334854,4689.1024720711275,2.6430462539203257,8.448270851260279,5.863600372919541,7.155080144394883,0
0.6996921237768736,0.1375970811197303,0.4213610300891678,0.7547564362450865,4820.726912461461,3840.0934867671676,4.26003885701812,4.029498421194074,0.766839415011201,3.5396467142542942,0
0.5116301530460984,0.4407637629092426,0.6671681483823102,0.6159833751013543,4417.8327203552135,6614.5102722383235,4.750885366214051,6.548746800483778,6.361495635159914,3.2177250958787345,0
0.7250479732411583,0.5760467727682455,0.6999608652198717,0.6514108412526867,4403.948776210493,5471.3602214403145,6.973424135796936,5.890276588258358,5.003336144648895,2.152288897962711,0
0.5282431354945485,0.5804319138029974,0.5519441893944921,0.5697296809396543,4989.570798226581,4852.581159765105,6.939505478864852,4.9467945293554,4.4551588986870065,5.8504270935973235,0
0.6417794064743765,0.3685248759509108,0.6058609324254405,0.5830239489547717,3784.0322578532546,7658.438732940756,4.418641056564718,6.803321133425363,6.51502407045724,5.994990435337187,0
0.512000568818895,0.26776861749080083,0.2394871414716312,0.5151419289310828,3736.0649669809727,3218.4245424110636,5.023490177091602,5.47482262888647,5.37203076699391,5.163694005888418,0
0.7140918165165546,0.42411978114116017,0.6611901688545284,0.5408791785396655,2738.757513110122,6370.781086758642,5.491619439555555,7.386670312130745,1.922118191125965,4.965840946552118,0
0.5235098504537476,0.3507477858884497,0.7820980537842368,0.70874166327603,3438.894309965413,5737.151115790154,5.410955084474442,5.576928266809705,5.976739906562402,7.269296359510455,0
0.6436219886404322,0.47156517528648817,0.3701209785706489,0.6099395824037275,5466.502280757915,8167.195531852388,6.304841565177151,5.849830727360511,5.485354339576716,3.5884976304873333,1
0.5537866677209557,0.3973268129768809,0.5734372119254724,0.6254595721375578,2977.53230388521,7636.1481792281675,6.417887319875143,4.738077532538272,1.0483812856111063,4.663953870638621,0
0.4825882593680242,0.5977084125261319,0.4847840750577362,0.6008538564547802,5893.4527760605815,8080.346072789469,5.6792540482924,4.754833196595473,4.35460348183272,5.731042988007758,0
0.6322851150006219,0.5497203191444623,0.18583716926412297,0.4780407489687765,5942.088973445792,4884.187404986303,5.062474362594609,5.4837873520204115,1.6989337187670084,7.630225573057306,1
0.43608696127215407,0.4634820985317286,0.43636001813377695,0.19318637153687085,6160.106839235511,2938.187768247856,0.7378911525848628,5.451030812005037,5.0784598068213604,9.218404866675167,1
0.7490267078807467,0.3275593404315049,0.6415531589034053,0.5386822298145861,4404.781927770088,4602.168526645251,7.033800909558774,6.051869754480104,2.426285957069287,9.491149816343356,0
0.483803275829334,0.3644881382702872,0.6132605732652654,0.5806048193288879,4314.902155472495,6017.627941240618,4.988015679404399,5.95378298555605,7.216892918554452,5.3996747876863544,0
0.7514293830854284,0.2483423089859756,0.41518513490271425,0.6904884031800567,5911.290710046845,3509.6107594061677,4.710173809356622,5.859781539803061,6.1303565576136325,3.731904214279991,0
0.34729182708979267,0.44153787424205865,0.5661967565550938,0.43277832211255196,4905.826326647766,5992.2353810803925,3.782956090211735,7.5873066872306065,3.9343319894557,4.547533371087828,0
0.8605980727567064,0.5970503496666405,0.7304121793844837,0.7098439107878665,8821.531085149967,3795.5562811308077,8.616433415024318,4.714163656310375,3.902065883917956,3.54664344397972,0
0.5038388065261407,0.448058521692126,0.07502360144833231,0.28231027917494833,3392.7079592242885,758.3274596497658,3.3092477133459672,3.7716770556351884,1.6283549406126765,1.862547754150544,0
0.5031657430110391,0.23445198376087392,0.5375136853884125,0.5284924198303427,3833.13087539877,8493.562734392568,4.693679962133512,6.621889323845996,2.597125044310797,6.377569021329558,0
0.7663362161127386,0.39879682577220144,0.3217353346704237,0.31854217987930666,6433.834003124659,5109.256269876068,7.140109171611623,5.457029393259585,4.314178490740412,5.084055217850034,0
0.6563081123881213,0.48390300532597863,0.5126404685761244,0.0,7116.252235970858,3981.6713847883248,3.741649249036629,5.468959867667402,6.602049691531004,2.276699984858466,1
0.6119855629505616,0.5487645927972848,0.7305305993907645,0.25683878797058635,7541.642829568393,3796.6360681655315,4.124111060218352,3.0044806118566005,4.033524272106782,4.7777153527435745,1
0.5151402131607308,0.8162160616278201,0.9108631914676352,0.30315886352359794,8754.161852636531,3250.7868309407395,3.5660141450960925,2.6560017522702024,4.329992282759302,4.02767296262124,1
0.7639806608634827,0.4551090336272717,0.4348437423307026,0.705787468648486,4187.804028101031,8021.174213664064,9.122460102445336,10.0,2.177635650956433,5.054799495295135,0
0.520386582387229,0.4514766150926101,0.40801627129479223,0.8851676673193136,8075.416311491931,7541.487632966258,3.565367154460983,7.4970970132022146,0.5342616317749718,3.3074428372488964,1
0.548469061213458,0.32974363259098505,0.3570392252914726,0.6673998746186209,4081.9883550265276,4266.886515130442,5.186374928113013,5.487463498354359,2.7326042611398007,5.558279421039378,0
0.15567716458295533,0.29336753177119546,0.5142223004442972,0.5291210881214076,3666.3848864715783,8844.095909966867,2.5982304404713887,6.649242483935,1.3416365558360166,7.476376994492199,0
0.545905006985318,0.47120439414671134,0.3301610908235829,0.08996719506812434,5148.4298273090135,4416.340076739027,1.5418025198488605,5.3134933601304315,3.2231964264184745,2.9045606422851575,1
0.6755580554392415,0.5212190454007726,0.29203718008677093,0.3484729525174839,5338.068340719529,7733.999716616748,6.485136259521321,4.689964298084986,8.201300252510027,6.778192760111153,1
0.5690346009079186,0.5311940498933924,0.3870490647038817,0.36882990399719656,2527.9539617918163,4485.403078020548,7.320812361474646,5.463924527495045,5.3913504265205825,2.4786078213852614,0
0.6203485380397002,0.3646433378471181,0.4055374133906655,0.6139517483727863,6163.456393886088,5701.309274274501,6.489806855805684,6.559152599615933,3.2135014030368465,2.8992221803699985,1
0.6562916927147618,0.16218141219097593,0.6388184413316229,0.602011987827316,3620.9985511495515,5001.600717927925,5.920473168891662,5.385650326714683,6.9252793503858285,5.080643434606905,0
0.5007092237744618,0.24637598705001562,0.43357248000779763,0.5056736656501355,4922.224184455791,6603.457022853394,5.443736130445146,6.05679054768048,2.46753795258439,4.762784647620397,0
0.4294774314821761,0.31554349182944424,0.361291988456839,0.6089471111153764,5226.187327443568,3591.688730110469,7.426955054761935,6.26095113921339,5.471982785118554,4.440598463305083,0
0.4534162323629829,0.2225822834164859,0.5321766861685064,0.3563666159377638,1864.9728456731123,4795.446348570137,5.03818963387025,7.353393047469188,1.8522948954242096,5.982833192491055,0
0.6653710395278438,0.5390212482769982,0.07010702776087763,0.27111252510380335,6303.784975477338,3210.8043886189544,4.659485562409095,4.105186167411581,2.298990114102571,6.305241547632546,1
0.21228277025828995,0.3782117583815842,0.176922002893651,0.5993798092607194,3857.8902359138415,3793.577537139255,7.009826567268492,8.39935621708393,6.408584031396482,7.58572027544311,0
0.4627694508653153,0.3439723573121539,0.6674758782925593,0.567516950177376,3065.633899245623,8196.488449961387,3.0162311777490842,8.044136893440896,1.7475981947456538,6.539779446757857,0
0.43013993112562476,0.26156533921586056,0.5923917923374816,0.6891390313237525,7052.177337922103,5402.730647485374,7.277911854207854,3.931854658789076,6.598043934504822,5.537152085935025,0
0.6002972984494226,0.5396270819170138,0.2922934367106165,0.4963518242701378,3106.899791222862,2877.786091516442,3.875685498769132,5.455780457004753,2.542048581537662,5.933425419819886,0
0.6199764634184075,0.4336064737325282,0.4933214989154753,0.4197288099194721,6216.506119729085,5374.1189773332035,7.864963270319529,5.711013247827825,4.140214424867938,5.814343824207292,0
0.499221625132778,0.4143941934892639,0.263644342143849,0.4526812681428114,4604.93538442423,1813.9848296501054,5.05757591919173,4.412849017377792,3.977017613313642,7.490033752550036,0
0.5229588117627731,0.3064410451443537,0.9018112033446325,0.3390604410733643,8952.009500669767,1757.3683179532072,2.4969699984327995,2.910154809847334,5.193212814185209,7.913556704900326,1
0.5910674766352584,0.4715514580255648,0.32985832078577565,0.41674817762006117,4608.128916699319,4588.215484809622,7.2483280966109325,7.826882859927984,4.21875995741566,4.3637912846203815,0
0.4509761986457966,0.23246080200877736,0.5385618226341394,0.5124909085721904,4266.211285950618,6777.616161909095,5.448619225535394,6.397689379201474,4.607991413489264,8.565022137947052,0
0.48511133866688416,0.5770130382976123,0.46428290923033216,0.4038303628390273,3516.7613569755595,5514.94269963906,5.970879064885223,6.655826033796796,4.613461993916165,5.597165307323251,0
0.5586947021221265,0.4694433508206896,0.7530052282190491,0.7073202231771081,4593.326267685061,5194.8179120437835,6.830169531113352,5.140614704747662,2.6155620843562044,6.6450825909323,0
0.4679702336680187,0.16137293677382486,0.38861951966401315,0.5984636638201186,4202.520161100469,3155.291880780067,6.603830725960483,5.298190061755865,3.1170247361336454,4.996398505868058,0
0.5810675025780041,0.3406038210309935,0.25137450396260386,0.4875169027178208,2570.7876668972135,5030.78895212012,5.056184874435304,6.0537958496600455,2.342974662812711,7.112800362144844,0
0.5366854936434523,0.4903793124177897,0.5060759105588805,0.36196348736648043,3202.142554981552,6284.846092297574,6.487494988589646,6.391966863942738,3.5781727285388074,3.019077302067471,0
0.7051479938837333,0.5194931044070223,0.5771343953003872,0.24235499373982655,6266.293530958271,0.0,0.0,4.12758981949546,4.471962386997613,4.91944086601647,1
0.7812897665495719,0.4807808426836452,0.3916677785283231,0.4440179091884591,4932.357250854458,4523.4958930141365,6.480836278816897,7.088147063192133,4.950800181844329,4.598302478019635,0
0.757215810759709,0.23963213494477356,0.7031141066041903,0.678076516965527,6605.70955531838,6621.745734386233,6.535342539167974,5.691467683918803,5.350252443861926,3.806662044354175,0
0.5022906284123665,0.40462643358125133,0.47487690950406103,0.4105455693881969,2737.2719339815326,6152.369493446037,4.811400254857251,7.020023416281024,6.200393281544663,3.95944865803615,0
0.5223002056085375,0.38148873953575796,0.45152710804595936,0.48415839680985906,5758.1966009046055,5508.767691447866,7.047105283112156,4.757323153252667,3.860094556355945,7.087039959697476,0
0.33514363882847176,0.5640845732129537,0.08888387513806528,0.29286206577891294,3794.924600553605,2567.058957374923,5.7646698912634236,5.012038743046604,3.440984348512791,6.843924088988707,0
0.5306307488556673,0.47522396084410456,0.6003774390738299,0.40823712253142,4713.330433366808,5570.7798363407255,6.084007308836422,7.293199579039644,3.7067514865993236,5.261199328845523,0
0.4942665114385366,0.26310134636369276,0.2326695426023597,0.5867266370728692,5611.5754012089255,2277.388341728347,4.5985115949721855,5.1365484266164545,3.959279730961477,6.538633725040364,0
0.5330124975747597,0.5299499995290782,0.41293558627833005,0.8060156497474568,3214.1367161188386,4996.731275318322,5.662559230383123,6.955250928781886,3.1257352636961295,5.414576546975813,0
0.0,0.5838015099979879,0.14912206998791705,0.6398618253323323,4317.679520462848,1841.4752841853856,6.198134680341551,6.661026248298585,4.0541605431751995,6.71898755299261,0
0.4940367200135538,0.6707785836473205,0.22228721819728356,0.12387107099342443,8225.795302039758,2475.6585560639264,9.135036323113228,5.858880458377753,2.130847917164879,4.7730871533597234,0
0.39513009110917624,0.43296648805809756,0.25657173502247943,0.7732222173444858,3898.071377255941,4524.522880008681,6.371668691089033,7.57477411529986,5.1346119897840525,3.025597090981918,0
0.5156648166155771,0.3374291504902561,0.35053096053961,0.6888884224324058,7105.521624752864,5823.4740046113,5.699046861830073,7.973675986371104,6.49569514925137,5.258293238831006,1
0.3650094321416996,0.4958291163948651,0.49588704560960417,0.42917290165712846,2148.2870041763827,6604.283865338673,5.528753745389234,6.3412723784477905,5.509747366956231,6.344147068768633,0
0.53754190761569,0.3129064556247463,0.4006466861703324,0.8876496825379959,5459.30628692657,4413.341543534094,6.2007310024456626,8.25964275489195,4.622487536129549,4.079888133823576,0
0.6577231460266395,0.46474380145263816,0.30505777228114406,0.5040192209371523,4686.164064104834,5405.736384999659,6.610745969600941,7.151197062587261,3.8937559625300566,5.971917517702312,0
0.47048907935837686,0.46874115663507504,0.3742387799334787,0.6799562216576287,4846.587037342759,5155.682843982997,7.367728078136826,7.547529866264496,2.9722308333025778,6.46264680620361,0
0.43316099711592726,0.29909684883153437,0.6083483128046269,0.620140214689237,5178.823883664677,6719.184283974011,5.102902755060156,6.055273086639071,5.661369804025002,2.8242795552804654,0
0.5381083032905485,0.6196141513285908,0.496255055365993,0.5167154364831776,8344.51192203447,5219.692806953432,6.69440641396554,4.996692901227668,6.486644120227144,6.596552450594986,1
0.8677554525511618,0.3194731007153222,0.35708935079733295,0.3795972643927831,6027.5619216982695,5337.9491841020135,6.2882708773590625,5.601727936196163,3.119489068772654,3.8792788520300814,0
0.4833714202636837,0.2754988949361743,0.41099869235889797,0.5880358680466469,7279.848587193356,6892.492028772662,7.082281300027828,5.912765408675234,6.049917006695382,4.019797939796447,1
0.335049366617438,0.36500370277361305,0.4955327773829067,0.3624958877787117,2418.330765937523,6559.602486535231,4.006386476283801,7.013521595259668,3.8239681073283696,4.832552816683966,0
0.6446577140847607,0.34447370919123127,0.7635584417891539,0.660209082467345,5233.331330664068,3796.399523158366,7.590771362222592,5.873443126790061,5.411123319041343,2.068768450537289,0
0.3591791579749486,0.4362305900051143,0.2202119649818364,0.41667945427107367,3627.7363765803457,2720.960352724098,5.374413689278623,5.366618952183668,4.968048807970859,5.6832440206269546,0
0.5658831320113021,0.18634290461946945,0.21750505788928715,0.425001163470766,3293.9993220439565,4553.988307909864,5.782902594331005,5.612706461261421,6.867236696232289,4.475066259179489,1
0.48222899190415924,0.3887050128849919,0.4865286706225183,0.4866847560088967,3989.575803495879,7483.418630015525,4.484470531628681,6.242631872771789,4.968362147737301,6.069611276081034,0
0.5598235714726596,0.12800037295889227,0.605879076529323,0.5186749149596718,2545.2799716640457,9102.634030891444,2.91623962699395,8.107616379652512,4.729002506097827,8.255426723461467,0
0.46670402136214917,0.36028644670350585,0.2218056964112686,0.42284938818130746,2122.267008901481,3485.9094616858865,5.716180648900915,5.917187119268928,1.1871619326133716,3.5170607526046016,0
0.5135536740108586,0.7485165769818809,0.3513769072781818,0.38517079946279154,3066.88181636227,489.37486917813203,3.478749639828214,3.4504353637541234,2.0984077017630294,6.10273331225665,0
0.7542433725259508,0.2599468779881974,0.5123234740531504,0.7217483848384694,5210.966741050008,3961.4475850353965,5.472464704268428,5.782701599484349,4.259540266511773,2.3574103566863815,0
0.41459215505812114,0.46721534066455345,0.42967456199516285,0.37590641227492316,3859.8574126809117,6281.370086878933,5.110315627457469,6.787282784245619,3.4635024108109285,7.659438605079112,0
0.5118416087995533,0.284537198551725,0.6919875716089419,0.6549403287473567,4169.909283433516,4400.473965907508,5.566362662640829,5.353663187018015,2.233523489180709,5.162783967100841,0
0.4650644116850954,0.5146503253138665,0.4911554867661284,0.4547661557624371,1597.8647650991497,6521.181077764331,5.7224163369450265,6.264800457532651,6.292899820323897,7.4656304976482275,0
0.38003889493039067,0.5355397391163708,0.3645153427074645,0.8203900046533963,3451.534627937261,3082.6340079766806,4.557511391462803,5.616376952576137,2.172135780597255,2.28495631667971,0
0.16349051720136232,0.40282202135563966,0.142993102952703,0.5962695254590111,5817.591863673996,3475.1364507141016,7.9498005511346275,7.964091679541285,5.7163580368261915,5.582960766866499,0
0.6834472393014096,0.26729665198582775,0.5292490731767376,0.5177800799481749,6171.698131908115,5927.676015209179,7.165807565701013,5.54048113488451,6.229293816289636,5.161366991397089,0
0.6690505160399088,0.5397064942516571,0.42434642317764104,0.758300017149996,3489.9892586631954,5213.306135582432,5.395694779005332,6.873374161292359,5.282637401846049,3.8912207664758904,0
0.3582773464553856,0.28456005492724046,0.329891194989063,0.6559604673334578,3145.2402152699647,3407.6760584905605,6.510789891956449,6.12292042780704,6.2872558154838885,3.4132987790186187,0
0.45816801523732864,0.526050627794833,0.38384846998216005,0.5465274398657509,8152.359316987206,5894.188120531245,6.01317683667423,5.846836939038784,5.786967817501012,6.7638065301815695,1
0.6441454243051661,0.16580520601268384,0.3260408721557701,0.4187947834461469,4524.977946582776,3702.784084408092,5.921732132937027,6.272989921497353,3.42761311558312,4.732943716044839,0
0.21248866986776127,0.1584162658207064,0.24475903157387538,0.4686125326596018,2815.665268582104,1543.8615802686709,5.326328250774475,4.706557102031374,4.224022964286527,4.7269243778982215,0
0.5957232059911817,0.5008930968705259,0.2994116701955851,0.5559827374611155,5756.078001539986,5107.557959687796,5.931250912366019,5.690097995988649,7.707082579976147,0.6751586201846198,0
0.7017773500198053,0.4506852391955406,0.29668078124664793,0.4972422028465059,4124.383109834061,5685.234296692159,5.7439776162946234,3.696807756686227,3.229408932184327,3.4269736206093686,0
0.3863602880847133,0.32751309764402703,0.6687721851948094,0.3352982750587631,7286.484893432684,4279.494062599822,2.951690524653859,3.600858034427648,5.53345803469775,4.351186036211327,1
0.5973691504582572,0.1824570002012936,0.4762388183624067,0.20014955489146982,5847.55520798857,3442.765854187794,1.0238868148673976,4.399823869700827,4.600109844358998,3.750687828987238,1
0.33955264910937694,0.4136634116946584,0.3503416386054422,0.3592273050819781,2386.963899164036,6833.416970901033,5.025207547849787,6.4765447496951385,4.377727862594449,4.206307254402173,0
0.6611055644461719,0.20956360317975464,0.42257894717891054,0.4429017853336081,4904.7766153684,4866.753471165151,8.603448543071583,4.828099915154046,3.22734874896601,4.37078072507376,0
0.47995244141063576,0.35656796263761426,0.48856386927933704,0.36229641101793975,3724.8185264943986,6326.734512037556,4.791941803422706,7.282180079045906,4.685515875547094,6.0041224418408135,0
0.3131745110719929,0.35386181681952494,0.5797526168872287,0.4876637933211636,1033.303292140231,5937.557020495116,3.2759210615808945,7.739980602333622,1.5622821866660774,5.433808021847412,0
0.3937838145004957,0.5237726353489651,0.1503753087559489,0.3875150257694879,5617.732669188901,3043.5374281795785,6.22364742647029,6.330386762289709,4.219189071538288,6.668973286308502,0
0.5418718306145216,0.29504570081723874,0.32460173167790307,0.4888280080853694,4341.824287565616,4505.403649552086,6.126299935877384,5.083659770405241,3.165517793477144,4.2476328467560736,0
0.33057699231916043,0.5745884061782369,0.7021858802688555,0.6024663445262981,4209.497722094811,5182.781122955553,4.190183066385462,6.163030313636257,2.65712431969529,6.339482875052499,0
0.5040896929443824,0.41220819339474496,0.5990249013289651,0.5642074170723433,3247.280372665041,5389.363736937534,6.0198419284291065,5.760854768095738,2.893075042503525,4.0603055931612495,0
0.7668626838342906,0.30170777860663167,0.5389021717398824,0.7204989503908957,4542.1744163995,4687.369828020878,6.365413513049587,6.865366879285979,4.009893291791656,7.509888582154268,0
0.34730369620212037,0.6277008977800087,0.4113285554881163,0.7784460198515017,5736.732540731243,2789.268082919197,6.030682756233986,6.54471182749398,4.774541464444023,3.737917623035897,0
0.5298033167567855,0.4524176951882648,0.3042714207419479,0.5602671548747036,3952.5053989447456,3186.314788144776,4.780330320493713,4.755705178356191,3.26025120519909,3.688631288767881,0
0.39704377477482233,0.8617718979076329,0.43890134051337737,0.15563614031641076,5982.112167308382,5989.177895470739,4.112268398099485,4.264052333477922,1.6535095626423204,3.194117209518488,1
0.41238186465570675,0.49719686547664654,0.6444463382477224,0.6380161569405813,1142.8214335425664,8001.716957534172,4.441046355238435,5.496329879747384,2.0290575686631054,3.8038211988753474,0
0.41011420161130246,0.8335299819853902,0.5288576289916904,0.5052869904015453,3818.55004256315,6943.886073744159,4.907431779195335,6.47086709626549,5.826155030571609,6.172173759121335,0
0.6390312448082842,,0.38912471283603484,0.4491954745414975,4330.260118886428,3842.4235236815784,6.4449553906842985,8.404081392910253,3.3401058499142873,2.9735820714258288,0
0.6037922432659586,,1.0,0.8104612097134721,4460.601035062167,4790.369779007288,5.887657574724985,5.175543101343519,3.3331683935484846,4.710749622714089,0
0.28598782355931995,0.31129770153786673,0.24515350678662592,0.9379244645502556,5982.229395133886,3882.207306010583,6.511584589633685,8.134549863374184,4.998277656674788,4.386542326296032,0
0.6132695011284156,,0.4205180787946515,0.19825362314683184,5887.090716287587,3102.3835812961247,2.462316317087142,4.668148620546986,5.156370464529219,6.686330073185424,1
0.18947613377174904,,0.5481806213241431,0.4325282797444835,2841.1546283601538,5698.808753861741,3.782419703061939,6.365901641155003,3.996865133654168,4.7668744619606755,0
0.4859512380950629,,0.32851524654062003,0.7438367786725881,3243.7365049796053,5301.980855577583,5.995972016710775,7.732563453176265,3.8311684402225348,2.763107341914546,0
0.783934088818918,,0.4781157275870042,0.3624594565010994,4283.301388125172,4007.483429864783,7.311085552429316,6.42771680044682,3.630955501993837,7.123028429074996,0
0.4335066829651171,0.5943112987168345,0.2564321534350423,0.4382167074322574,4075.9059981314595,3490.0589421043655,5.966600808894183,6.085799076445861,3.949860911643378,7.744731696886882,0
0.42636890149952766,0.2437502989925444,0.7453836055644247,0.6815187939698895,4068.04464280893,8087.917705753152,3.4508675686012635,6.5650880605664526,2.5087837067017236,7.034234353488829,0
0.7329082578528331,0.22813087669291493,0.19730846603056268,0.4225859183346054,4393.191830573483,3910.1139444700234,3.4837390582176755,3.3260877960694533,1.0038213427426075,3.54991793062611,0
0.6845480443579923,0.518326692710037,0.5373185108148106,0.4639112399567803,5611.840152595038,6203.393377063931,5.965334673727862,6.898925618491306,3.0105078987434837,4.89423391295079,0
0.4965606881300183,0.5696368135246237,0.4495936341093568,0.6943452087874535,5062.013525399255,3374.234312469086,6.037836988924865,6.687366384209077,4.813645698661864,3.7643917011549544,0
0.660928419493848,0.5909174453930661,0.7201291296496999,0.6566595662617952,3467.8842682187556,5346.092522736135,6.711197942946984,5.218685990220546,2.541584378345913,8.232727781668961,0
0.41199491181226067,0.4459499852137856,0.2957933935696708,0.6773317990236203,4894.014359626168,4878.050248749079,6.553154420842054,7.497528868890408,5.683883862822266,9.810145920438831,0
0.7566714511002846,0.33556744138455136,0.46770419185750883,0.459700989763495,5457.8008248662745,4443.490309840664,6.870621589409018,6.843974030632857,0.9884748380481887,6.377774320518047,0
0.3646055913749921,0.3860374779411486,0.4256935186888443,0.6283080125856808,8119.350681445851,5945.992977608261,7.134433322305538,6.179769035614187,4.043826528054035,6.889060897916902,1
0.46221014467516364,0.4352736362999552,0.46018591283095367,0.4545335541806889,3349.4627504213,5868.763989119917,6.024264137042598,5.907875821647369,2.9450288298679492,6.093214508177193,0
0.38492564142234265,0.28514501830580824,0.2354939812444135,0.8185676278574714,6078.961639365472,3480.5655536660643,4.426510540577213,6.615310605248558,5.393154018837873,2.9758064475029924,0
0.4083548971876772,0.15239987446735187,0.7576163238182054,0.3838456222789063,8452.547908010363,2859.9974653317468,3.4425219646825447,3.34836250846236,3.363669063494972,3.8010902012852195,1
0.4629791299188558,0.2747697773733674,0.47974378437568627,0.20796177185481712,6551.918683301705,5857.170736752429,4.183372151525133,4.069295099504806,5.082776668629115,0.0,1
0.49068137257343697,0.32073893489344163,0.662278282133349,0.4607828251964147,7221.9191429015655,4508.100684604351,4.729218840182318,1.766487587580809,4.737962516155241,5.7328461597979725,1
0.8127641938648176,0.42965712754251484,0.5324664283881143,0.8097526236920629,4479.489811375281,5741.747921928468,6.104004254472857,6.968471076923521,4.789285137427498,8.971618894208605,0
0.44649100605757663,0.3781044771106913,0.7431618717490706,0.2801875599945848,8079.340597832099,2883.3371407861964,3.1727131902734795,3.519484906510244,2.501419247875061,5.41988333815675,1
0.468618819186191,0.4618232684307393,0.259328215484248,0.7046383890049266,4887.531278092053,2718.0398745284897,4.819321450299244,5.924584232845359,4.1853237187628665,7.052545944165804,0
0.4174937256639281,0.5751710670336392,0.40941099239000095,0.2386361090122932,5454.247588208577,5578.175637800476,2.7458948186186127,4.144727606882481,3.96313124811645,4.489061939300864,1
0.763324634466788,0.35167380944627435,0.7284211078098894,0.765273803337793,5822.304051055795,4201.463204872018,9.515690953105615,3.5919557189216613,7.341136717107364,5.045210017598675,0
0.3495801093305548,0.5020363285962897,0.18719142806716177,0.5341209035672444,6549.372880024215,3820.921993296691,7.206938112351429,5.864850700409016,2.914649198862387,4.717605831034489,0
0.5207608557657383,0.6759916102722158,0.3010652784699718,0.6564548902263028,6066.494171013601,4488.187328944719,6.102966330780875,6.0318201658763275,5.744275223965306,2.1039581178365085,0
0.6423556292430304,0.4695687235761607,0.6654117314334308,0.6615643139792845,4510.201586675037,5445.031327191678,6.789455580825518,4.842753895841445,5.33992707679977,6.7132271385165785,0
0.5867217713167423,0.6677891319214532,0.47201746980199977,0.3673532849319487,5686.922014615476,2350.1431794799664,7.21043610446117,5.72538619574921,5.898773753915259,5.8042229946990105,0
0.5008544675164687,0.6122531427569529,0.550401898503067,0.5714643471177596,4612.971673296535,5765.659103307204,6.219761838744594,5.411108072680104,3.4097676736207294,2.456903464525848,0
0.6665072142175854,1.0,0.27534498836891436,0.582944521718347,6027.808063300682,5111.3670118911305,6.41133781038835,6.637466549414758,3.8144834955887355,3.770406083302251,0
0.84008445067314,0.4366300262211165,0.33258374203399327,0.3118906260478094,5143.218112613899,3570.216112720108,5.520717233435411,5.021673687230993,2.5280012778276983,8.769602003494501,0
0.7875037563965952,0.39724977286690444,0.3629634938823696,0.49711557108135596,5419.106017734966,4946.202501948077,6.460870460717811,6.283420486085412,5.364800566225954,7.553212021756421,0
0.45947754084606834,0.4396174907612456,0.2339109451142166,0.9231253626412393,2786.424983492101,4433.956915869761,3.216004827136339,5.796011652495469,6.4254310235779455,5.040207577990327,0
0.48930203342062656,0.08549658560885026,0.8305553335036634,0.7395215368513947,4911.367313632557,6029.500997043884,4.647921003880401,5.415611925104803,3.336414631319146,0.8112607912494028,0
0.5563940988487536,0.5899961876769007,0.4039517823779391,0.5535039664044542,5380.28095130324,4959.796259208924,8.022545894695762,6.606759778689531,2.7767142889683063,4.286787216091274,0
0.4030931502148535,0.6961053855676591,0.8186073488860712,0.5768873005374284,7435.613831147277,5467.130715417003,4.8025938322326045,0.0,0.8129961521794673,4.5973080993038105,1
0.6609425790104927,0.4768592078991989,0.7467147930352743,0.7761983832399235,9816.026489962587,5630.27126159199,7.340417500362181,4.5828494591831355,2.8466190557287576,0.47291648063334346,0
0.14085203819629788,0.38094973257668147,0.08966340444109006,0.4335035876912225,5272.54854462046,1262.0228804415033,6.320481740314921,4.919302779310262,5.312368013258194,6.812184210914642,0
0.3910628251379745,0.5118817858673474,0.4361409508383505,0.7946185850008174,8248.18059928283,7184.222789376803,5.464081356278937,7.0798803471566885,4.393887138620972,5.488169640251394,1
0.6135548614292463,0.5474414320251582,0.6286043881732551,0.6258837765687684,6703.577252455926,5681.656851897754,5.873335445916874,5.83738853650229,1.653225158593608,4.640702048867386,0
0.3967021946575732,0.36771080094782266,0.29789205952831915,0.6846302146958156,4184.782521565137,2242.384571324732,4.1709600356651455,5.130779526725655,5.382131271689003,4.203805059528913,0
0.5923957799763067,0.6005510719177954,0.5546318457688785,0.5295019188200947,4126.731203736345,5342.27760859332,6.694314949717992,5.597884045425181,5.422439351026628,6.48465050308436,0
0.5655080495676461,0.5129389317395511,0.7615929420355477,0.4947375029506155,3005.16620899928,4896.795296395978,4.115845900644894,8.091782237921016,4.38706118761985,4.581664840987449,0
0.504268049133986,0.32161093687015957,0.36011632264379845,0.6252254582312864,3602.5636950103167,3564.3551522214866,5.763202009469324,7.123571252252903,8.125949417128128,6.524693313226566,0
0.4262796514560175,0.48092048791783465,0.3805759580378396,0.3219230059506534,8271.958581181028,3331.1398912319537,7.533804566434628,5.383643110728958,3.6563639726229376,5.63878060502619,1
0.4953963529645924,0.5517418899309879,0.2433580053796772,0.1672868985203168,6573.592440782912,2975.829104163363,8.136165176755444,5.453294019914164,6.471026198474579,5.881550919386544,0
0.5187657365630239,0.4790803056948611,0.449869043146609,0.3728966820593508,3645.7870482816584,5697.8110305319315,5.5991489283522204,6.458072576495319,7.736875257578202,7.476591104198469,0
0.39757545956585993,0.49191366706241524,0.509717118540378,0.546588039923744,4834.345213616856,7550.766594136665,3.51656459980007,6.405325724688025,5.645371554583164,5.148688684436694,0
0.6561303936915656,0.09616589456595515,0.3164664493498289,0.3684839333946609,2633.7542407860687,4453.968909983517,6.3587261500265,7.76651248436706,3.9438850012530176,5.3035255002137,0
0.6128764750045415,0.19235796381059786,0.31898724096892883,0.37822648843526685,7330.339398420241,4426.503772099359,5.986400146839262,5.3496203174623345,4.2577152101104065,4.399101727991182,1
0.4946545064196589,0.3917375932762257,0.6755199792890276,0.5812055176512052,5917.313824339982,5212.819913015558,5.011707956943396,6.01451176095619,2.913260043429461,5.9206479840121915,0
0.678262256972331,0.46505495545151576,0.3837882860342854,0.34302592908705487,3673.1196225015437,2147.44456043286,4.675170449234149,4.1985354456105775,4.457460412655406,7.371624026749656,0
0.8817477931854155,0.18272316593412274,0.8353618562115903,0.7131732465340027,5898.434418543749,4858.130143064448,5.962543569108456,6.812760410343733,2.9404713733470063,4.185011338498224,0
0.5875360601124477,0.2898811588369959,0.6225259098864155,0.5818565733729353,5558.934393523312,6602.299616978218,6.08349456756929,5.92179305553566,6.186407241608073,6.872771692014485,0
0.746984283955617,0.5165286302443707,0.44839884886613446,0.6308960529885554,3899.2609802145234,4678.148558524945,5.7942255604349615,5.127356003224439,2.831510873176084,3.4614597336458877,0
0.5720652231784435,0.4350234820568488,0.45979975579348376,0.5773741569116432,4912.422307906632,9331.998779635702,6.7964583427263054,5.093928394671907,3.945554249503906,5.171802256864242,0
0.9125510969924404,0.5819224128684763,0.8048357423219474,0.7629805759056437,3837.1686028037693,5368.974075218209,7.854358390255735,5.183438374154915,5.247965163349431,1.5514662018169205,0
0.4564795156421463,0.5530140397519803,0.48227658138372426,0.8175160248556368,8423.27837516386,8722.981929542171,4.642128805348233,8.172326669589362,1.219680527701227,6.111965001055902,1
0.4851890181154196,0.6149653607996398,0.3463860413240636,0.4521910292294765,5120.703198731639,4192.749467331518,7.999491225766466,7.1777090694259025,4.0216268473539385,3.9706529718385664,0
0.3384687988163593,0.3517747531939492,0.01284332730704596,0.07861021410401453,4259.6613705867785,1431.1544203981061,5.313290002015704,4.023694120622009,4.274756344307218,2.9015356154815413,0
0.5958357935493616,0.4904723700377359,0.2976507539832677,0.4587548879502315,3952.508350085502,3584.433348658825,5.443041719621089,5.7887962015603955,4.335114486305057,8.422396433075853,0
0.6641193757694863,0.3133513695288676,0.19797994875655867,0.4354114439748763,6684.523933358231,5118.062821790195,7.422003827319083,6.098549069550549,3.824937164933013,4.623342362546736,0
0.8458113876691636,0.3700716911797789,0.46496408049233023,0.5151137021207299,5032.748985239708,5105.194883244702,8.518920984370158,4.926476544812635,3.7714877315936697,5.149262647624302,0
0.7009115607915944,0.4481758918958366,0.6261255193603055,0.6174283572520013,3802.119072670631,3098.2541104308966,6.125855847796791,6.316413801817551,2.486579814261474,3.7751289819914,0
0.7532539405302388,0.14610492147171195,0.6784563209006202,0.7158438813509125,4363.086468339123,6600.1754536653325,7.374675102943446,4.631846701743058,6.8842923495933945,3.933502795734153,0
0.7531635730077384,0.5551271432744241,0.5106983162009102,0.7892973614385885,3542.515944788008,4605.087646773837,4.731074940805195,6.048377613332316,6.775985879322823,6.811383123692711,0
0.4522698402684898,0.3934499906855512,0.5629933073038573,0.16680087442082223,7080.895055858189,5492.565663461807,4.846985907819259,4.270899103331412,5.397763371115629,4.871968759413388,1
0.5931972439361193,0.4486532627318447,0.4894863332802864,0.32125145315758535,2120.3997291307346,5320.80926723231,5.119965253934771,7.9530180089968905,3.9071002859934327,3.393964431943407,0
0.5553936867475544,0.45258726716976605,0.26430918687407323,0.5266619968650295,4041.3434861124906,4255.013145434556,6.177299604759157,6.497877959143993,5.700191117917222,5.172521245341924,0
0.37345120794972525,0.06856840105221601,0.2850406078323164,0.42989703416417085,4445.213406916498,3632.860101279644,8.25565461553508,8.04240231530921,4.302365745156009,3.541856919109172,0
0.5375775227133426,0.4195785336891551,0.36123098192215564,0.4277831207024081,4981.742488086466,7152.440159306761,7.338051161986358,4.805215456984366,5.600086745594437,6.383288179891831,0
0.47736271964543503,0.4323208521497926,0.5769617082284673,0.5006765450082743,4917.755556341272,5118.816465908706,4.798585564916702,7.321038666491859,4.244117501505569,1.8416922287420392,0
0.4837171870813465,0.4954627593139375,0.6919525483201917,0.42858943799652394,7266.805475365134,3801.1810946637042,3.7101409314182487,2.631098928178005,7.4137152543500235,5.9829724868770455,1
0.6352937471770961,0.32871140911922275,0.5500721778325035,0.705862350736367,6112.6202470344915,6798.262853810893,7.028395200229009,4.327152001961014,7.175459514924745,6.370773667760082,0
0.5142367023134332,0.37436705721289504,0.44319012765054366,0.45269257145688235,7755.918734464094,7813.94238964089,6.121062359257747,5.06653386925527,2.3059676284998654,4.1178223727191465,1
0.6328333004156463,0.32986149443832374,0.5698207974686336,0.5596287907873891,3265.8401691693816,7067.613974474047,5.553935028724644,5.952015006262794,4.731263225107526,4.181467882786038,0
0.7498735893351849,0.3992286768063554,0.5082984009392589,0.5774614466801921,6321.497410985907,6394.429910305461,10.0,3.2656084597252835,4.465061193003601,3.362309276114315,0
0.40684722562101994,0.19267348402008386,0.5630943208247251,0.5165920560783324,5485.507253067224,6930.607500359662,4.750903537733495,6.34592952439294,3.5038347138014903,4.923453308347926,0
0.2545192588488328,0.39733796831168006,0.38794697798752165,0.2743588312630296,2940.7325064223596,7179.887167579376,2.023597379513036,8.649623779279908,3.596408454394763,2.795777162799764,0
0.5006899846855474,0.5909432654900131,0.2575092225794939,0.5673294991538713,4141.512539030984,2094.168070158312,4.223625310404602,4.341615721825243,6.09471367999861,5.161063922392768,0
0.7068268638961619,0.44708046490815456,0.3433299920071538,0.38582273328882066,4170.646882635777,4228.239580541542,6.519670608852256,5.55396473284917,5.333159089020977,5.4989986758093075,0
0.6649586829970191,0.25703396055075867,0.22628898869037345,0.5388181197241338,4735.223310152885,4076.058557136349,6.839577718189206,7.640539364271531,7.751998538539102,6.637878072568428,1
0.46587732503679063,0.6338153779317175,0.04996192911697972,0.4195387268115913,4526.319709781848,3238.6626730363323,4.370775876846432,5.386992805329126,6.600136591794441,4.162649672656669,0
0.7246484678410394,0.19097566994965534,0.7231288151945541,0.6996082733233338,5560.222396210088,5359.718952942804,5.670486479206504,5.5275086909061955,6.084900738153475,5.730014745725786,0
0.5130161103165675,0.31223116040287135,0.3986321600400774,0.6548269692765294,6889.859557891943,6923.34386955316,6.149185016529986,7.072625076487919,4.258434277381897,6.76474338313486,1
0.5835183237421634,0.30236037627452056,0.3220068982288955,0.6792744290392609,5001.815904433599,4321.860898707361,8.001118007003424,6.934027660213985,5.458629097542487,8.256813516314232,1
0.7736896400208179,0.15557617697183362,0.43264178657494545,0.6059820475989336,4343.0823339802455,5836.76577044049,6.464714702003766,6.872253079488089,7.570837435369142,5.533692191585805,0
0.3198313255363755,0.6931884021741581,0.0688410356707288,0.3818691788233143,3990.91944740591,2676.2919994464073,4.992793560047228,5.416348707168076,3.090174644692441,7.291817635633846,0
0.47838460720667664,0.5315412623100513,0.5306065295388783,0.4961006563934398,3039.973680542373,6643.131203047455,5.308863576111267,5.935976697127929,5.924319800318458,5.315551071611418,0
0.4755530525055094,0.6157225576136816,0.36722120855260854,0.38063704145452365,2800.7908945073677,7013.782284736504,6.5878516714495445,5.279531031144308,7.022872921466087,0.9827030050422891,0
0.5458483338754637,0.44786976139293294,0.6667242706906729,0.595000025489995,5262.193511155736,4503.587354544047,6.138148094054016,6.485443957049425,4.7003238544598025,7.543657880632987,0
0.6167810054461131,0.2648691173584933,0.7730019032182938,0.15449524550030125,7830.925926438681,2471.2442279831475,3.468213864001009,3.694294256628254,5.598064332993766,5.933096882305097,1
0.6566298669259328,0.28444855138635117,0.43037781252105395,0.6694085767732064,5719.95485161699,3913.8134603768076,7.479567182330718,7.356492740346686,5.1328646010199,4.475596499697117,1
0.5976762624422078,0.49868798964454936,0.7710953987351097,0.684400635112461,6165.179997133609,5157.920822823572,5.712203804182575,6.174776105325736,5.405646936884649,2.581332291896638,0
0.5251585517995295,0.3679500536164722,0.7259825539192233,0.5334958251551922,2484.7174117657432,7390.411433621326,3.1072248412309778,8.016068369409412,4.356078050886034,2.966709747119902,0
0.3533165669212171,0.38752151040688204,0.37113396386559216,0.7594897320050091,5166.715023912182,5595.020387571178,7.9345110929615235,7.1815404344260365,2.0241853033103796,6.465716596443464,0
0.36050444522239133,0.44197042316110036,0.5177237947353798,0.7022496948625991,5859.4692307810965,7689.0187681229345,5.843030452689978,4.824399446612702,0.5228123650566743,4.262394281490615,0
0.6136583146285478,0.42128409509992176,0.6828218379451261,0.5440132143224192,1831.3424516762866,4404.963290467059,5.7968437172033385,7.060771819011074,7.61015404934826,5.363413954762582,0
0.5375320351207663,0.4961610934413527,0.6282651555491923,0.06875344451841753,7508.700616058723,4442.154836681284,3.7870376154566388,4.5914463099220875,4.2005704798823364,8.899053517354698,1
0.5605674574838143,0.49323003866880394,0.19364351513330758,0.46988218273216464,4319.690269743947,4669.646554482716,6.9235404604885975,6.593023341878938,2.63082953115272,6.688424101719288,0
0.5394464709040951,0.0,0.5060450575693339,0.4813168436768004,5178.3851733001375,3787.1020320900634,7.316306321389179,5.723248742830187,7.701970183688934,3.435669948634801,0
0.43341809525303754,0.3013770857494292,0.20040231649885942,0.45733729570341786,5418.700295318697,2937.875134491729,5.805870112368111,5.911536695767323,0.7353442463090785,5.534812364511079,0
0.4512759130404166,0.4356491784080545,0.22875428539906878,0.4862914291721162,6726.89751544383,3763.0566517451084,6.336907621855772,6.058430643274084,3.651998750706072,5.287581525593213,0
0.6121991081726361,0.5220457494434565,0.7065760824247099,0.6172614159782732,8031.016429129655,5569.778727255144,6.352879314009669,6.070947016515978,1.895265841259349,5.287940681706096,0
0.5160450139272662,0.34645811894742234,0.38486987942234496,0.8478714998025355,2510.8970409371927,2969.905414653487,3.457354566889545,4.682133203685611,5.8520126694156955,5.8057746052332115,0
0.5236460249945962,0.6257642860879705,0.421715982291829,0.4969291737305134,7752.660932862892,5683.055353221381,6.1852787041546975,7.234450098881432,4.361126505747258,6.103135763307999,1
0.5346448374852337,0.49617096293751034,0.4938011954026379,0.7811192691528897,5459.417078693072,1876.8869435146175,4.6133334232626835,5.084962486359811,3.632254090606777,6.159461477071371,0
0.49571432013184774,0.3597554780625589,0.3063353405788114,0.35095348131267196,4820.698446775935,2370.772058894144,6.464539795790313,5.53942851605806,5.878626711559429,6.837934828633747,0
0.39560972058654126,0.44732211178984527,0.6475326434650979,0.5422667850514549,3761.379210448603,5789.8780256279015,5.216628351199739,6.257399580708569,5.543265626758831,5.494714643362249,0
0.6890767931032944,0.26663022565230016,0.5383512966637208,0.40781299633041396,3501.101646507292,6284.599425172776,6.56724897053453,6.557462413019766,5.44259760910917,3.5857775231584963,0
0.31302035483097884,0.3927551149457465,0.7846534617981494,0.3982236440861789,8624.357597530307,5400.778063449877,5.418653318918765,2.55005134463892,4.0507903723131875,5.554027186428111,1
0.5978636622649549,0.34098534969714334,0.6445295697070677,0.6200480082703057,4435.605913104368,5379.75285867162,5.476492174964999,6.149986129112055,6.834200528828533,7.622509088521053,0
0.3121685149888169,0.3286558660285173,0.1302066820923034,0.5347758942031254,2760.6520434406784,4163.325524936063,4.909184385759464,6.665020983359252,2.266431435435828,5.005151528641633,0
0.5025599590469272,0.33616776451286035,0.5710722894191449,0.434467697559948,2246.0073772727346,4299.309203419685,5.698294046619437,6.620564014826677,7.292300744731158,3.1672862416543963,0
0.6268652133173342,0.380545955935446,0.6165983578003171,0.6954461124790441,7273.900076263994,6452.173162590204,6.16636295513228,5.2366433521706055,7.118082999159828,3.7436475425043767,0
0.7233700316322464,0.5545762831761375,0.19299181021030476,0.45537964419579374,5621.585332975006,4797.136469160342,5.661191428526056,5.33896865885265,4.013762999150555,3.4166180804814816,1
0.5091608601931573,0.5358455404591171,0.6094045761242937,0.4813636189939321,4497.943540787731,4595.609679558306,7.132203723259441,5.697262903954444,5.004186843744658,4.737869739398283,0
0.5078165344035646,0.37954302214404584,0.6597020645557605,0.5717243889537194,3016.3081727142944,5508.602869841643,4.954465428955562,6.301330891224712,0.051214714704618025,6.547568852487164,0
0.4767212305165408,0.1626794641463945,0.26178951687848495,0.5323928829929252,5156.96344664925,3491.7293017980887,6.294922153534051,6.914228956169968,3.6907092035138813,3.47954565573572,0
0.441581191471496,0.43959515258846427,0.7566838983157576,0.27298611641948567,8233.040866318064,4917.6843865539395,4.5258811301792266,3.072752487540689,2.617686298753354,1.120033623032266,1
0.5451243474232158,0.39082244217562634,0.47598680348310246,0.6396873928256271,6914.44298861108,5970.410262928892,7.118445353863449,6.904277084393866,0.709720219614725,3.5154449922960564,1
0.6818286949023916,0.36093203651484046,0.5142889295627444,0.457672255426179,1954.5621137182834,3414.4995332300086,7.481095096446685,6.298879126326116,3.26607789426601,4.990434857626666,0
0.4164048779802454,0.45452533194431066,0.08055685574577914,0.37064319715321314,10000.0,6358.503203066873,2.4731745494908983,2.5639519196733143,3.3641314787018963,9.251526831979486,1
0.3736202273460269,0.28031000292376795,0.5487344373765032,0.5442613241727015,4319.575829332933,6405.007905139089,5.675905687214762,5.286956575127985,1.0314533841608924,5.495391162451376,0
0.3976242265039798,0.24953088964201217,0.4583555091670509,1.0,2668.3330740982847,1674.8721448614788,2.8512792867414,5.14446248794526,5.5219253210712065,6.384176403507216,0
0.7468541106659377,0.4048927423611001,0.6133221618974092,0.7679651721727374,4684.232013851458,2630.7032129694826,4.558752042886024,5.134442168092436,3.008217980851979,5.8503306199896095,0
0.4962099111111721,0.6669114456588245,0.6292086993413367,0.20681985978010498,7246.752279912262,5574.180975707096,4.914330796126841,3.4837399562240323,5.649333954233135,6.75266446179408,1
0.6497808695239501,0.5684262707138097,0.5982715141446222,0.698915288965287,5374.754166463165,8384.376887715998,5.612204029155856,5.368492990014785,4.277770390645947,9.030723547296718,0
0.747065628673707,0.1986579745965181,0.6287975032993502,0.5207110394345993,1602.4395298771965,6802.629498054338,5.126525934662775,7.425720756578038,2.6590017803548287,5.318974569758751,1
0.5747257341972917,0.40229408835327957,0.27150767787512764,0.52250344647866,4919.787277781156,2754.53531827391,4.884820684498598,5.3693239557507795,4.652467354750955,5.224326263295546,0
0.5330823359077395,0.3223211463844229,0.31336014443401916,0.5822808582343327,3058.3890649441055,3799.982613480136,5.029709207915273,6.393580700739705,5.75889011219399,6.934247012381259,0
0.4007404935498734,0.5166146857845465,0.25955996691615446,0.5959346245371303,4176.773744345315,3058.9331760870245,6.162413287659119,7.720362502949782,4.433681636837076,4.718659151804392,0
0.6076126358780709,0.2999863607344191,0.12929959881257624,0.3743253157966763,5542.822404549021,5824.2085741840265,5.894939762242933,5.25052080096168,4.228212778862228,8.00137603490552,1
0.5810345014239379,0.3501463478997948,0.3500837007647852,0.7211326547193224,4807.6741714123455,3754.091953406847,5.476971321180814,5.729822555322633,4.529674971971268,5.325487007588933,0
0.31314357160584094,0.4655130014975661,0.338695609185141,0.48209906049336293,4070.1937407784717,2588.3350439534242,7.822912181451214,7.363239937707493,3.6398018185822485,5.692266854511259,0
0.6789497295694314,0.43383186079243363,0.3862270880086666,0.6782591904146485,2459.843953942416,4441.008031416019,4.79372964398807,6.548950388949311,2.713420610127099,4.74506177029225,0
0.7024697241141235,0.5493098304470589,0.7253686838248166,0.17048382620683425,7671.594371406663,1945.950644062902,3.8472690906675657,3.5019595318859627,3.8305828741594605,5.807463854257056,1
0.6647451375286675,0.3659629972537979,0.555585283850471,0.5628975579415751,3886.791953899166,7694.770042096812,6.5374359591633535,5.535509131870112,3.2362879098268054,4.693554411151826,0
0.49853447344664226,0.5746171231323702,0.2848409019307103,0.5626263960670355,7830.266675182009,5219.6357917629475,5.3354377283352985,5.329698306237442,5.109639624806483,5.085398666596171,1
0.2653963319800868,0.5303369077981595,0.42212766757823156,0.3480959413739867,844.3587972715923,7208.373804366351,3.333980403368214,8.000140750414378,4.991409190982251,6.397069048517045,0
0.6599796356543173,0.25068348114435407,0.41163487544335964,0.6954392299836466,4208.139368318508,5690.903823587123,6.274944510107663,7.616494513989339,3.6277664432741643,6.182982379798387,0
0.41034281594671523,0.5793261765872185,0.4444520541257872,0.29644669523755973,2144.420601823995,6498.078993134017,4.582284935601483,8.437933004871415,4.140975570552533,5.532385763271634,0
0.5978421046183164,0.4879359916575957,0.24968080892163216,0.3277670810702588,3747.639075217498,2607.2150044432497,4.949831525427736,3.9897258514291876,1.2086340921019398,5.581020673094672,0
0.6301976967648351,0.4254530269636031,0.72143076644302,0.6311630952636931,4567.4864703774365,2868.644011282984,6.957753174708463,6.758765092635248,4.419255716422789,6.490635759988919,0
0.6045288692813199,0.4628559096932118,0.508583213943638,0.43056850803849095,5170.668997086479,4129.298960859526,8.48564611344836,4.948639775664941,7.140257926984583,5.038286097075027,0
0.540361462410494,0.48871901308156884,0.7091118320010109,0.638123036535714,5313.302198953081,5166.710819367328,4.353074259674121,6.609196541395205,4.989690052853156,5.648683920075677,0
0.5299582121846158,0.38225244802023833,0.33587498506287355,0.6253980899228291,2283.918085885072,3916.8844449731237,4.8630615958150765,5.540506031574368,3.383378077267732,3.2210297356097457,0
0.6225999915931477,0.3031084450935993,0.15263088981527012,0.4862767182916733,5575.935012909581,4586.628785602647,6.227931337236093,6.819469344758041,0.7944123830832281,8.851693170380493,1
0.04699368870436571,0.38412503950691784,0.1274334837301359,0.5552482797759699,4101.272089682026,519.2947261835334,5.190707739316569,5.62226445045851,3.1840293894811995,3.5857381839064635,0
0.42213388244061584,0.1829843159452723,0.5963602895990031,0.49210070135477696,4106.709295674654,5937.175139400453,4.4968807421583055,6.697763031620273,3.6797618368144462,7.34544837429718,0
0.5982805389869024,0.3607775476658923,0.6758533097307295,0.5695868197159568,1456.501144102097,5348.990046761029,4.664370860230233,7.265901004892051,5.872523270533784,3.071754609721072,0
0.4964336946654991,0.4285796035130434,0.23880304287949916,0.46345917054880914,2831.749512442431,4469.847451340327,6.165840936960089,6.190447266455221,2.5762970516105383,4.871881625886473,0
0.35691950737045847,0.41320444289656366,0.15005462663661712,0.49963367087804456,4558.331902420636,2187.1429650935224,4.446206299980248,3.992281319979051,2.3675345257267106,6.030232577903413,0
0.4879275499520019,0.6295475332614194,0.8686538055088251,0.6180699411533085,7776.705459283936,3234.234548725046,3.3429577302012126,0.5152234840021599,3.922355791527214,6.483464564788209,1
0.576847644207096,0.6054686047367811,0.2688375132869585,0.46502986429177073,3925.877578329537,5769.417169924037,6.4969676237122576,7.241652977398477,1.5719009786569909,5.207370288469868,0
0.4584681138551271,0.35906663773316283,0.6662065607022795,0.6558442863836185,4530.526058622629,8470.632198673435,4.1244914349137165,6.338632060311419,6.368632092484034,8.252676407995178,0
0.48038709020203746,0.4352220108410879,0.5972279777324285,0.31505710401873116,6876.23426669455,5567.264404067059,4.645821664953731,3.0252228826771406,1.2191959160022598,3.9053011342211814,1
0.7021318392796592,0.33335943555914854,0.2544080031117074,0.43321634709708373,5904.457008000961,5041.825779687428,5.673819040092816,4.563050975902124,4.269580497620278,6.7066032200137045,1
0.6489695436767324,0.32033773955385353,0.2167218975582238,0.17369029862447533,5687.556156141154,2850.12712984113,6.742655679469522,4.747173899435056,3.048322798088541,5.311611498244304,0
0.3788328824004552,0.3826779978092283,0.21136240662700562,0.6165998867441999,5470.783711271021,4589.883250065724,6.592097093816483,7.091608911205657,4.221237275268577,5.258207970134795,0
0.7758933826340698,0.4031303210618339,0.5799354101779516,0.48408035781737724,1796.7903609735095,6323.260777841722,6.309197608831509,6.404515989331411,1.9625114465365745,4.197945012225704,0
0.3802690775458205,0.3698418538396389,0.38327178060074807,0.5884064381430182,4348.653723557638,2518.336403607004,6.322293931518409,4.167509695502667,4.115445517731162,4.640233332684687,0
0.3971759319105433,0.556409917606043,0.6106763188495847,0.5881331130175936,4677.432339657785,5897.012550552608,4.5604388163381975,6.388350229454378,6.578716665839853,4.680334259525864,0
0.3574079895339961,0.4178795556570034,0.7319652702806669,0.6593585082218713,7439.683026644536,5133.9802941007765,4.610585037102724,5.97176559289204,6.3842738892916895,8.035464402928177,0
0.574925583636555,0.31094267148363164,0.40443808015754235,0.5018627122434695,4367.170025157928,2964.870768072449,5.98879979626904,6.271193494533996,4.209037418170858,5.598904135740715,0
0.6086687312626883,0.5474185814852156,0.6898028183204902,0.6586902680150573,4707.036357983806,4330.435506897529,6.366973544598071,6.054627639304428,2.995644802274316,4.889099140509975,0
0.5719118597764364,0.46364155699135634,0.3585186154549296,0.5108287100571262,6931.103777055489,7070.3612616684295,6.235107047207579,5.15785961274886,2.8258406725351497,7.444360013699098,1
0.3465192883811347,0.40293754670012816,0.39994751309110094,0.24107571784419388,0.0,7623.446178875933,2.4534298505570176,8.285307957429756,2.7986558015777265,6.823624442129558,0
0.7460019391894344,0.41213393575785123,0.6468039447604252,0.5475680791032114,3665.236668419699,3420.6938166931745,6.693842596554552,5.533101440869935,2.6632756269299827,6.788162692895257,0
0.5813692529970031,0.3588068021613,0.21386273024977653,0.6261975255258097,3467.40838141482,4120.2901417928015,4.005143444662269,3.8944460127658695,7.0718082696025615,6.489965367066654,0
0.6296886444272479,0.5576364537075658,0.6485053243503928,0.29392115246697237,6615.693381978607,1812.4130526773747,1.7012970668746963,3.274567766990779,2.308408017162553,7.215073162466837,1
0.24995526392357664,0.33834467011189806,0.48035964104898393,0.38421329009698824,528.5464810668163,4891.106476796357,4.5831777450254725,7.309271134856922,5.724170262535262,6.498210732877244,0
0.32483317956666496,0.576019436484876,0.20753062548799478,0.6264277105375758,5379.540661139132,2608.3646517574393,5.2741948369175455,5.536631416219533,3.248554624533617,7.181275494982605,0
0.5388961274537136,0.6018969959411884,0.2999151872549699,0.5118548963710015,4849.722919201189,4494.1842989222305,7.797708839083071,7.326703478259329,5.33434681619947,4.35338384632943,0
0.5578640452434238,0.18437422295431705,0.5204051184979439,0.5122020078903939,6330.622847523208,3178.810288212565,8.071002322529907,4.751831613481694,4.630381244816318,5.02957036870915,0
0.6178014255189961,0.37736924401234023,0.501397153733728,0.7416700222569385,8170.145317003427,6201.256522331918,4.356200980929054,6.6910026156010645,5.236499392241412,5.357967259951907,1
0.5851309282089363,0.6463760097607142,0.2662322620204087,0.8215432189111738,4525.808297418407,3439.21768538273,3.8398765948979126,5.422530416519101,4.5063480576616985,7.359114440907964,0
0.6290708141531222,0.48598933752987794,0.7791049948669654,0.7930113609278913,7828.070170888943,6830.663521346529,6.975204591299461,4.635379806309004,1.0636426896131645,4.155572866947954,0
0.2716452991502511,0.802059750846791,0.5306534358390602,0.45295604518094607,1876.4432068902456,5370.7585057980505,3.862717017283297,7.396712085754448,4.374482498465519,4.222700480650913,0
0.5475579082428621,,0.5895706141542469,0.420082975235479,3206.0508472900324,5545.39571521089,6.588566501467828,6.546973178702939,3.8305364987193067,5.3237879477140355,0
0.5985656551721756,,0.33405899354614826,0.5060152304960173,4562.015185828453,6089.880894967752,8.19925158919987,8.392036064207266,4.2354105140530445,6.814391548697717,0
0.6287729670032497,,0.2894442826968362,0.043207459592421005,5217.144629263744,3220.523377145828,0.6042915280639698,6.511262557148213,5.935580775346812,7.167747236776537,1
0.5370672082454129,0.46982430483697196,0.6129453372306174,0.2533409136123901,6225.97363115953,3639.5633719826346,2.333159972124613,3.2416422964618326,4.953729854944691,6.3682049230146935,1
0.5011059237889978,0.20123981461881946,0.653933277372085,0.5006966372654718,6802.3795985209,2829.8659905274453,3.417844646718499,2.208538812455946,5.884136230933137,5.75319152030946,1
